,Date,Open Price,High Price,Low Price,Close Price,Volume,MA60,MA20,MA10,MA5,kc_middle,kc_upper,kc_lower
0,20221101 00:00:00,20490.74,20505.62,20440.64,20456.57,10863.93121,,,,,20456.57,20586.53,20326.61
1,20221101 01:00:00,20455.8,20559.27,20454.86,20514.66,10940.24231,,,,,20486.323414634146,20657.78867779204,20314.85815147625
2,20221101 02:00:00,20514.66,20589.67,20495.45,20579.0,10602.17836,,,,,20518.7344964314,20696.463500121434,20341.005492741366
3,20221101 03:00:00,20578.75,20586.94,20475.77,20482.57,10123.83554,,,,,20509.021338418257,20699.7224259437,20318.320250892815
4,20221101 04:00:00,20482.57,20521.87,20466.71,20495.53,8905.81588,,,,20505.666,20506.053567782412,20677.126053435997,20334.981082128827
5,20221101 05:00:00,20495.99,20555.21,20491.85,20530.41,8071.52908,,,,20520.434,20510.623703599274,20672.23046868115,20349.016938517398
6,20221101 06:00:00,20530.41,20662.8,20525.21,20624.57,14020.49773,,,,20542.416,20529.378159081738,20712.754630902586,20346.00168726089
7,20221101 07:00:00,20625.53,20657.01,20560.27,20599.51,10699.52674,,,,20546.518,20539.712373957853,20724.8628486731,20354.561899242606
8,20221101 08:00:00,20598.74,20644.78,20571.11,20584.63,9606.29616,,,,20566.93,20545.730911481845,20724.709048723133,20366.75277424056
9,20221101 09:00:00,20583.63,20700.0,20545.45,20597.4,15556.65255,,,20546.485,20587.303999999996,20552.103657526986,20751.05992397049,20353.147391083483
10,20221101 10:00:00,20597.4,20655.0,20574.24,20617.76,13584.19733,,,20562.604,20604.773999999998,20559.631556850472,20753.13214790316,20366.130965797784
11,20221101 11:00:00,20617.76,20623.65,20489.92,20522.79,14621.37958,,,20563.416999999998,20584.417999999998,20555.672829462415,20759.480339864127,20351.865319060704
12,20221101 12:00:00,20522.23,20570.07,20477.76,20541.12,12341.39523,,,20559.628999999997,20572.74,20554.19736984739,20755.432184456822,20352.962555237955
13,20221101 13:00:00,20542.52,20557.73,20353.9,20422.02,22032.64534,,,20553.574,20540.218,20541.480148347957,20769.480600949042,20313.47969574687
14,20221101 14:00:00,20420.54,20483.62,20330.74,20406.45,25972.01751,,,20544.666,20502.028000000002,20529.090516549808,20766.883020410063,20291.298012689553
15,20221101 15:00:00,20406.45,20462.75,20391.49,20444.0,13379.78561,,,20536.025,20467.276,20521.61309356712,20747.711386067003,20295.51480106724
16,20221101 16:00:00,20444.0,20517.77,20372.85,20409.01,16378.22204,,,20514.469,20444.52,20512.100905228366,20745.84916790453,20278.352642552203
17,20221101 17:00:00,20409.01,20455.75,20400.0,20439.83,9786.75719,,,20498.500999999997,20424.262000000002,20506.212807203687,20725.577319905653,20286.84829450172
18,20221101 18:00:00,20439.83,20475.56,20407.7,20462.68,9245.46764,,,20486.306000000004,20432.394,20502.782214266528,20712.47588887304,20293.088539660017
19,20221101 19:00:00,20463.55,20501.48,20431.57,20451.45,9708.88729,,20509.098,20471.711,20441.394,20498.859328857983,20700.598561569062,20297.120096146904
20,20221101 20:00:00,20449.29,20493.72,20434.71,20483.34,6601.44783,,20510.4365,20458.269,20449.262,20497.706521966462,20690.04523617452,20305.367807758405
21,20221101 21:00:00,20482.14,20495.29,20429.35,20454.78,3352.68267,,20507.4425,20451.468,20458.416,20494.600665105176,20680.233092256956,20308.968237953395
22,20221101 22:00:00,20455.92,20486.0,20431.65,20478.5,7541.09471,,20502.417500000003,20445.206,20466.15,20493.463853541652,20670.65488203909,20316.272825044216
23,20221101 23:00:00,20477.53,20503.51,20455.08,20483.62,5995.95218,,20502.47,20451.365999999998,20470.338,20492.784431700664,20661.24604276998,20324.322820631347
24,20221102 00:00:00,20482.81,20540.7,20407.66,20518.48,13224.31791,,20503.6175,20462.569,20483.744,20494.520778093556,20673.499229938945,20315.542326248167
25,20221102 01:00:00,20517.46,20536.38,20500.03,20504.94,6173.60183,,20502.344,20468.663,20488.064,20495.211069611512,20662.827571373244,20327.59456784978
26,20221102 02:00:00,20504.24,20531.37,20457.62,20513.38,8399.40833,,20496.7845,20479.1,20499.784,20496.392774419146,20661.87342693264,20330.91212190565
27,20221102 03:00:00,20514.02,20558.35,20498.89,20520.34,7938.80272,,20492.826,20487.151,20508.152,20497.92363001676,20658.49108631808,20337.35617371544
28,20221102 04:00:00,20520.34,20555.92,20507.42,20520.28,8292.29384,,20489.6085,20492.911,20515.484,20499.32985665098,20653.226356697218,20345.433356604743
29,20221102 05:00:00,20521.16,20563.36,20477.02,20487.39,10158.96586,,20484.108,20496.504999999997,20509.266,20498.590137784508,20654.44813809425,20342.732137474766
30,20221102 06:00:00,20487.39,20493.37,20460.09,20476.59,6500.31771,,20477.0495,20495.83,20503.595999999998,20497.246408751613,20643.820405325776,20350.67241217745
31,20221102 07:00:00,20476.96,20487.84,20356.75,20421.64,15255.75064,,20471.992,20492.516,20485.248,20492.689832351047,20651.235498550745,20334.14416615135
32,20221102 08:00:00,20421.64,20506.09,20408.14,20505.37,9289.68199,,20470.2045,20495.203,20482.253999999997,20493.44448399966,20655.844701369268,20331.044266630055
33,20221102 09:00:00,20504.59,20539.9,20420.02,20467.76,11967.57353,,20472.4915,20493.617,20471.75,20491.933858523123,20662.291369069324,20321.576347976923
34,20221102 10:00:00,20468.06,20472.82,20339.99,20409.77,13846.64268,,20472.6575,20482.746,20456.226000000002,20487.154918415807,20667.287359622318,20307.022477209295
35,20221102 11:00:00,20409.77,20466.24,20407.85,20431.33,8323.13939,,20472.023999999998,20475.385000000002,20447.174,20483.941824474612,20657.59300922549,20310.290639723735
36,20221102 12:00:00,20432.38,20447.99,20360.0,20396.49,12514.14385,,20471.398,20463.696,20442.144,20478.957920471086,20652.84680626861,20305.06903467356
37,20221102 13:00:00,20395.82,20424.97,20361.86,20398.99,15134.16367,,20469.356,20451.560999999998,20420.868000000002,20474.442838143445,20643.476232332716,20305.409443954173
38,20221102 14:00:00,20398.99,20457.29,20393.42,20432.44,13326.51305,,20467.844,20442.777,20413.804,20472.092094335192,20636.92719975571,20307.256988914673
39,20221102 15:00:00,20432.44,20438.03,20400.7,20409.03,8114.3206,,20465.722999999998,20434.941,20413.656,20468.591958242683,20624.27426670066,20312.909649784706
40,20221102 16:00:00,20409.03,20548.31,20370.01,20523.33,13555.75639,,20467.7225,20439.614999999998,20432.056000000004,20471.60631924578,20647.651277000023,20295.56136149154
41,20221102 17:00:00,20522.5,20532.48,20355.37,20436.67,16637.52966,,20466.817,20441.118,20440.092,20469.696643036717,20663.77501028449,20275.618275788944
42,20221102 18:00:00,20438.28,20800.0,20141.0,20456.26,74150.59231,,20465.704999999998,20436.207000000002,20451.546,20468.967310591197,20776.662087889075,20161.27253329332
43,20221102 19:00:00,20456.23,20610.79,20048.04,20250.68,48023.32034,,20454.057999999997,20414.499,20415.194,20457.19720670817,20847.473358754265,20066.921054662074
44,20221102 20:00:00,20250.68,20282.6,20101.11,20175.6,21687.18612,,20436.914,20391.082000000002,20368.507999999998,20442.108494972297,20829.630998066048,20054.585991878546
45,20221102 21:00:00,20176.52,20188.0,20060.08,20152.03,10709.82971,,20419.2685,20363.152,20294.248,20426.65747674729,20800.907471761384,20052.407481733193
46,20221102 22:00:00,20152.03,20173.44,20059.94,20109.83,11162.24325,,20399.091,20334.485999999997,20228.879999999997,20409.876419498345,20769.29657321624,20050.45626578045
47,20221102 23:00:00,20110.98,20168.86,20074.64,20151.84,9330.17761,,20380.665999999997,20309.771,20167.996,20396.281972108205,20738.49462453638,20054.06931968003
48,20221103 00:00:00,20151.84,20222.33,20120.0,20203.49,11725.14694,,20364.826500000003,20286.876,20158.557999999997,20386.176065666343,20714.55423080995,20057.797900522735
49,20221103 01:00:00,20202.69,20339.41,20195.0,20306.0,13798.35391,,20355.757,20276.573,20184.638,20381.99341505559,20706.395270679415,20057.591559431763
50,20221103 02:00:00,20304.95,20339.99,20275.28,20285.67,10485.62653,,20346.211000000003,20252.807,20211.366,20376.9911410671,20681.803949336616,20072.178332797586
51,20221103 03:00:00,20285.67,20337.68,20284.39,20310.63,9277.2359,,20340.6605,20240.203,20251.526,20373.559669881222,20658.466096982662,20088.653242779783
52,20221103 04:00:00,20310.63,20393.32,20309.74,20357.95,9456.39875,,20333.289500000003,20230.372,20292.748,20372.755796608257,20645.84317562888,20099.668417587633
53,20221103 05:00:00,20357.95,20390.0,20339.35,20377.49,8522.54001,,20328.776,20243.053,20327.548000000003,20372.99865843341,20628.849014421678,20117.148302445145
54,20221103 06:00:00,20377.49,20386.37,20305.23,20307.25,9199.7432,,20323.65,20256.218,20327.798000000003,20369.63815910918,20616.102916750904,20123.17340146746
55,20221103 07:00:00,20307.55,20363.83,20281.01,20303.09,12457.06053,,20317.238,20271.324,20331.282,20366.24863334228,20604.60871710607,20127.888549578485
56,20221103 08:00:00,20302.35,20333.99,20250.9,20297.22,13019.94277,,20312.2745,20290.063000000002,20328.6,20362.744382936817,20593.86862171522,20131.620144158413
57,20221103 09:00:00,20297.99,20335.0,20281.05,20318.94,11721.1073,,20308.272,20306.772999999997,20320.798000000003,20360.527620137713,20579.302036571666,20141.75320370376
58,20221103 10:00:00,20318.96,20338.99,20259.74,20267.65,11407.1344,,20300.032499999998,20313.189000000002,20298.829999999998,20355.841456272927,20568.576372124873,20143.10654042098
59,20221103 11:00:00,20268.53,20281.27,20052.0,20130.64,21083.55478,20420.31133333333,20286.113,20295.653,20263.507999999998,20344.51099523694,20581.870670449895,20107.151320023982
60,20221103 12:00:00,20129.8,20178.95,20031.24,20109.8,20447.27768,20414.53183333333,20265.4365,20278.066,20224.85,20332.733806946224,20575.908919999412,20089.558693893036
61,20221103 13:00:00,20109.8,20217.39,20093.24,20108.92,22546.62996,20407.7695,20249.049,20257.895,20187.19,20321.53206929859,20565.2204181013,20077.843720495883
62,20221103 14:00:00,20107.87,20339.86,20087.23,20318.59,30712.49137,20403.429333333333,20242.1655,20253.959,20187.12,20321.38517760768,20591.265002901473,20051.50535231389
63,20221103 15:00:00,20318.59,20330.0,20208.56,20248.62,19408.45026,20399.530166666667,20242.0625,20241.072,20183.314000000002,20317.760525676917,20584.93718135446,20050.583869999373
64,20221103 16:00:00,20249.18,20315.8,20241.62,20295.37,15077.11354,20396.194166666664,20248.051,20239.884,20216.260000000002,20316.6476280253,20571.929996909785,20061.365259140817
65,20221103 17:00:00,20295.37,20303.92,20221.26,20226.18,11386.26896,20391.123666666666,20251.7585,20232.193000000003,20239.536,20312.160384711246,20558.437917043793,20065.882852378698
66,20221103 18:00:00,20226.18,20267.71,20177.1,20242.65,12009.78042,20384.758333333335,20258.3995,20226.736,20266.282,20308.719450198067,20548.485632763222,20068.95326763291
67,20221103 19:00:00,20242.65,20279.0,20231.69,20262.53,9906.08632,20379.142,20263.934,20221.095,20255.07,20306.43725742932,20531.677585204736,20081.196929653903
68,20221103 20:00:00,20262.53,20269.76,20218.02,20237.25,7840.49057,20373.352333333336,20265.621999999996,20218.055,20252.796000000002,20303.02486629335,20516.080678448398,20089.969054138306
69,20221103 21:00:00,20237.54,20267.93,20230.0,20259.36,4562.53204,20367.71833333333,20263.29,20230.927,20245.594,20300.87492667014,20500.20255582196,20101.547297518322
70,20221103 22:00:00,20259.57,20271.0,20157.86,20195.41,13516.60692,20360.679166666665,20258.777,20239.487999999998,20239.440000000002,20295.690509275555,20497.71489627023,20093.66612228088
71,20221103 23:00:00,20195.41,20220.72,20161.36,20207.82,9617.58134,20355.429666666667,20253.6365,20249.378,20232.474,20291.377629861057,20485.067348071938,20097.687911650177
72,20221104 00:00:00,20207.12,20309.65,20180.96,20280.23,14798.08192,20351.081499999997,20249.750500000002,20245.542,20236.014,20290.83127887597,20490.892935813856,20090.76962193808
73,20221104 01:00:00,20280.85,20319.33,20245.0,20287.09,8990.96482,20348.832666666665,20245.230499999998,20249.389000000003,20245.982,20290.648171689634,20485.567548951214,20095.728794428054
74,20221104 02:00:00,20287.46,20326.09,20273.52,20312.3,9749.56612,20347.2635,20245.483,20251.082000000002,20256.57,20291.706463743212,20477.6445803156,20105.768347170826
75,20221104 03:00:00,20312.3,20330.87,20279.75,20321.79,9534.15706,20345.22666666667,20246.417999999998,20260.643,20281.846,20293.175030029797,20470.74054695603,20115.609513103565
76,20221104 04:00:00,20321.79,20355.37,20306.58,20329.79,10199.25022,20343.906333333332,20248.0465,20269.357,20306.239999999998,20294.96029922451,20464.52486664818,20125.39573180084
77,20221104 05:00:00,20329.39,20490.1,20322.01,20444.0,16269.53773,20343.97583333333,20254.2995,20287.504,20338.994,20302.21889616293,20488.44950203488,20115.988290290978
78,20221104 06:00:00,20444.79,20688.0,20443.75,20606.95,26664.11878,20346.380333333334,20271.2645,20324.474,20402.966000000004,20317.043982793373,20533.50886743252,20100.579098154227
79,20221104 07:00:00,20606.08,20626.6,20543.05,20611.56,15567.59741,20349.04883333333,20295.3105,20359.694,20462.818000000003,20331.357355619293,20542.884673062,20119.830038176588
80,20221104 08:00:00,20611.56,20658.57,20577.57,20583.39,15567.22743,20350.716333333334,20318.989999999998,20398.492000000002,20515.138,20343.59405253094,20550.167664196822,20137.02044086506
81,20221104 09:00:00,20583.39,20630.47,20567.33,20569.3,14092.79476,20352.625,20342.009000000002,20434.64,20563.04,20354.542320264176,20553.085149601327,20155.999490927024
82,20221104 10:00:00,20570.02,20681.91,20546.0,20655.09,14472.21987,20355.568166666664,20358.834,20472.125999999997,20605.258,20369.10798875524,20574.979702414774,20163.236275095707
83,20221104 11:00:00,20655.09,20655.19,20550.0,20558.46,16897.06256,20356.8155,20374.326,20499.263,20595.559999999998,20378.276952770404,20584.59955969553,20171.95434584528
84,20221104 12:00:00,20558.03,20774.22,20350.0,20757.64,43857.22025,20360.8015,20397.4395,20543.797,20624.775999999998,20396.63203879712,20667.17466986289,20126.089407731353
85,20221104 13:00:00,20757.68,20888.93,20690.49,20760.25,35882.12048,20365.056666666664,20424.143000000004,20587.643,20660.147999999997,20414.21186822395,20697.389703210007,20131.03403323789
86,20221104 14:00:00,20760.25,21302.05,20742.52,21218.29,38574.91766,20376.80516666667,20472.925,20676.493,20789.946000000004,20453.058338142826,20819.83312515032,20086.283551135333
87,20221104 15:00:00,21218.29,21253.24,20831.64,20838.7,29217.80547,20382.111166666666,20501.733500000002,20715.963,20826.667999999998,20471.67648688156,20886.098276203462,20057.254697559656
88,20221104 16:00:00,20837.54,20903.74,20669.57,20783.3,32987.51601,20386.494833333338,20529.036,20733.598,20871.636000000002,20486.711247779313,20906.525314579467,20066.89718097916
89,20221104 17:00:00,20783.99,20825.59,20676.55,20774.22,18318.15676,20391.275333333335,20554.779,20749.864,20874.952,20500.573855658527,20908.21358837018,20092.934122946874
90,20221104 18:00:00,20773.94,21054.65,20715.64,20953.13,22604.00269,20399.217666666664,20592.665,20786.838,20913.528000000002,20522.381413310144,20957.061026594387,20087.7018000259
91,20221104 19:00:00,20953.13,21115.48,20914.8,21108.54,20986.58265,20410.666,20637.701,20840.762,20891.578,20550.610893503796,20981.958339852747,20119.263447154844
92,20221104 20:00:00,21108.54,21149.91,21048.63,21130.15,14493.69344,20421.079,20680.197,20888.268000000004,20949.868,20578.506484477733,20986.973915589344,20170.039053366123
93,20221104 21:00:00,21130.65,21200.0,21071.91,21169.95,7070.52333,20432.782166666668,20724.34,20949.416999999998,21027.198,20606.960428261275,21000.198355091736,20213.722501430813
94,20221104 22:00:00,21169.95,21209.16,21132.24,21178.03,9479.65724,20445.5865,20767.626500000002,20991.456,21107.96,20634.420732561608,21003.717789801733,20265.123675321483
95,20221104 23:00:00,21179.06,21202.04,21128.32,21148.52,7419.61699,20457.539666666667,20808.963,21030.283000000003,21147.038,20659.13004578007,21006.2404990989,20312.01959246124
96,20221105 00:00:00,21148.52,21460.01,21080.65,21434.33,22685.78516,20474.837,20864.19,21051.887,21212.196000000004,20696.372177300043,21084.645085057047,20308.09926954304
97,20221105 01:00:00,21434.33,21450.0,21319.01,21364.81,12642.55524,20490.934,20910.230499999998,21104.498,21259.128000000004,20728.471670361563,21104.114873191473,20352.828467531654
98,20221105 02:00:00,21365.92,21413.64,21345.0,21387.53,10563.20159,20506.852166666667,20949.2595,21164.921,21302.644,20760.108007463863,21111.91418651667,20408.301828411055
99,20221105 03:00:00,21386.94,21480.65,21373.72,21444.61,14126.99636,20524.111833333332,20990.912,21231.96,21355.96,20792.95311070082,21130.964305434267,20454.94191596737
100,20221105 04:00:00,21445.19,21467.93,21364.71,21367.24,10940.15774,20538.177000000003,21030.1045,21273.371,21399.703999999998,20820.499607389873,21145.353368118107,20495.64584666164
101,20221105 05:00:00,21367.24,21430.3,21364.34,21389.9,8409.52996,20554.064166666667,21071.1345,21301.507,21390.818000000003,20847.802231557154,21153.3622011118,20542.24226200251
102,20221105 06:00:00,21389.9,21443.8,21372.33,21401.4,9087.6348,20569.8165,21108.45,21328.632,21398.136,20874.338346974222,21163.636004682034,20585.04068926641
103,20221105 07:00:00,21401.93,21414.0,21381.53,21384.42,8030.86543,20588.712166666668,21149.748,21350.079,21397.514000000003,20898.780867597045,21165.642368540655,20631.919366653434
104,20221105 08:00:00,21384.92,21391.51,21234.9,21291.0,15857.13627,20607.30216666667,21176.416,21361.376,21366.791999999998,20917.56992027004,21189.067343830215,20646.07249670987
105,20221105 09:00:00,21291.0,21326.71,21236.53,21290.65,9403.69792,20626.279166666667,21202.935999999998,21375.589,21351.474000000002,20935.437026812222,21197.82057936665,20673.053474257795
106,20221105 10:00:00,21289.82,21321.79,21280.0,21318.14,7646.74153,20646.417666666668,21207.9285,21363.97,21337.122,20953.760002036914,21198.26297217678,20709.257031897047
107,20221105 11:00:00,21317.47,21427.34,21311.18,21404.63,13279.97188,20667.2975,21236.225,21367.952,21337.768,20975.341080140803,21218.625739336745,20732.05642094486
108,20221105 12:00:00,21404.63,21420.84,21288.37,21310.59,10962.71704,20685.74916666667,21262.589500000002,21360.258,21323.002,20991.38395534361,21236.834170904465,20745.93373978275
109,20221105 13:00:00,21309.71,21325.4,21249.17,21271.45,8454.08147,20701.840000000004,21287.451,21342.942000000003,21319.092,21004.78298700231,21240.934094884444,20768.631879120174
110,20221105 14:00:00,21271.94,21331.83,21210.98,21279.35,11664.2357,20718.40133333333,21303.762000000002,21334.153,21316.832000000002,21017.91599850446,21254.62200022356,20781.20999678536
111,20221105 15:00:00,21279.35,21354.42,21265.99,21299.22,12729.69102,20734.877833333336,21313.296,21325.085,21313.048000000003,21031.368390825864,21262.0897474779,20800.647034173828
112,20221105 16:00:00,21299.22,21345.0,21299.02,21324.73,9704.69665,20750.990833333337,21323.025,21317.417999999998,21297.068,21045.394556311203,21262.239683611962,20828.549429010443
113,20221105 17:00:00,21324.73,21333.58,21269.22,21319.29,8879.23499,20766.6875,21330.492000000002,21310.905000000002,21298.808,21058.48748359506,21266.5200446171,20850.454922573022
114,20221105 18:00:00,21319.29,21330.16,21261.56,21292.57,8055.84134,20783.109500000002,21336.219,21311.061999999998,21303.032,21069.675193499486,21270.62445968251,20868.725927316464
115,20221105 19:00:00,21291.79,21345.08,21283.39,21331.11,7078.21851,20800.243166666667,21345.3485,21315.108,21313.384,21082.167991214967,21275.360292600828,20888.975689829105
116,20221105 20:00:00,21330.58,21380.0,21322.0,21352.42,5867.97227,20817.829833333333,21341.253,21318.536,21324.023999999998,21095.079974045224,21280.55301109853,20909.606936991917
117,20221105 21:00:00,21352.42,21358.83,21321.87,21335.35,3138.291,20834.770000000004,21339.780000000002,21311.608,21326.147999999997,21106.557671340637,21280.875360215327,20932.239982465948
118,20221105 22:00:00,21335.18,21346.91,21289.29,21296.95,6400.81252,20851.925,21335.250999999997,21310.244,21321.68,21115.651338778192,21284.06123756796,20947.241439988426
119,20221105 23:00:00,21296.17,21315.0,21233.33,21299.37,10011.91886,20871.403833333334,21327.989,21313.036,21323.04,21124.42499220503,21292.32789947862,20956.52208493144
120,20221106 00:00:00,21299.37,21365.27,21290.8,21325.19,10223.35957,20891.660333333337,21325.8865,21317.620000000003,21321.856,21134.011397470396,21300.01800850538,20968.004786435413
121,20221106 01:00:00,21325.88,21346.16,21190.0,21197.33,11431.87368,20909.8005,21316.257999999998,21307.431,21290.838,21137.03442767037,21317.672415872992,20956.396439467746
122,20221106 02:00:00,21197.33,21280.64,21189.44,21238.58,9190.90183,20925.13366666667,21308.117000000002,21298.816,21271.484,21141.881932585427,21322.696122382586,20961.06774278827
123,20221106 03:00:00,21238.22,21255.2,21203.51,21233.88,6253.73248,20941.554666666663,21300.59,21290.275,21258.870000000003,21146.27314701956,21319.343901430926,20973.202392608197
124,20221106 04:00:00,21234.44,21252.54,21212.99,21227.73,5328.98596,20957.094,21297.426499999998,21283.790999999997,21244.542,21150.160774942662,21313.83443599416,20986.487113891166
125,20221106 05:00:00,21228.62,21240.95,21143.27,21155.41,8342.18373,20972.581166666667,21290.664500000003,21266.220999999998,21210.586,21150.41127378058,21317.2535741648,20983.568973396363
126,20221106 06:00:00,21154.86,21191.17,21144.92,21171.47,7009.96578,20988.0615,21283.331,21248.125999999997,21205.414,21151.416116981956,21310.824175845282,20992.00805811863
127,20221106 07:00:00,21171.47,21206.0,21157.23,21194.49,7838.69105,21003.594166666666,21272.824,21234.04,21196.595999999998,21153.471240915103,21306.692485291904,21000.249996538303
128,20221106 08:00:00,21193.88,21310.0,21173.03,21253.7,12886.03997,21020.534999999996,21269.9795,21229.715,21200.560000000005,21158.252872950034,21323.546007992005,20992.959737908062
129,20221106 09:00:00,21253.7,21299.78,21231.46,21241.2,7489.51767,21036.898999999998,21268.467,21223.898,21203.254,21162.20969820658,21324.6375165181,20999.78187989506
130,20221106 10:00:00,21240.37,21280.0,21236.4,21263.67,6554.18383,21054.70333333333,21267.682999999997,21217.746,21224.906000000003,21167.049250891236,21321.95427974822,21012.14422203425
131,20221106 11:00:00,21263.67,21274.9,21178.01,21255.08,11416.97186,21072.157666666666,21265.476000000002,21223.521,21241.628,21171.247892042058,21330.04042155888,21012.455362525237
132,20221106 12:00:00,21254.8,21269.99,21218.4,21227.01,8315.31939,21087.93733333333,21260.590000000004,21222.364,21248.132,21173.907272585133,21327.13854458542,21020.676000584845
133,20221106 13:00:00,21227.82,21249.48,21206.62,21220.48,7613.24964,21103.493833333334,21255.6495,21221.023999999998,21241.487999999998,21176.128236468518,21322.60837628139,21029.648096655645
134,20221106 14:00:00,21219.92,21258.65,21190.81,21225.84,10037.50833,21118.7195,21252.313000000002,21220.835,21238.415999999997,21178.49873131534,21323.898856428852,21033.098606201827
135,20221106 15:00:00,21226.2,21289.49,21223.78,21241.1,10517.27299,21134.041333333334,21247.8125,21229.404000000002,21233.902,21181.48366324064,21325.48577500625,21037.48155147503
136,20221106 16:00:00,21241.85,21275.0,21152.46,21257.44,17272.32094,21149.50216666667,21243.0635,21238.001,21234.374,21185.105160155406,21339.215066187982,21030.99525412283
137,20221106 17:00:00,21257.74,21282.19,21218.56,21247.11,7172.83916,21162.887333333336,21238.6515,21243.263,21238.394,21188.061292045662,21339.486206173584,21036.63637791774
138,20221106 18:00:00,21247.11,21252.74,21195.04,21223.55,9262.72654,21173.163999999997,21234.9815,21240.248,21239.008,21189.753149414526,21337.575570558165,21041.930728270887
139,20221106 19:00:00,21223.24,21237.75,21170.0,21194.5,8308.39032,21182.879666666668,21229.738,21235.578,21232.74,21189.97943434818,21336.569612893676,21043.389255802686
140,20221106 20:00:00,21194.5,21204.73,21158.0,21203.3,6385.69475,21193.211499999998,21223.643500000002,21229.541,21225.18,21190.614400217873,21331.891559031512,21049.337241404235
141,20221106 21:00:00,21204.13,21211.62,21110.56,21127.33,8033.62907,21202.512,21220.1435,21216.766,21199.158,21187.597901907146,21334.959346774263,21040.236457040028
142,20221106 22:00:00,21126.89,21175.7,21043.92,21139.22,10329.11032,21210.580833333333,21215.1755,21207.987,21177.579999999998,21185.29204068329,21344.27334438937,21026.310736977208
143,20221106 23:00:00,21138.63,21151.13,20886.13,20905.58,22822.50331,21216.36616666667,21198.7605,21176.497,21113.986,21171.96057241115,21368.043755303526,20975.877389518773
144,20221107 00:00:00,20905.58,20952.0,20836.74,20899.11,17920.5649,21218.724,21182.3295,21143.824,21054.908,21158.95668212661,21358.48354752809,20959.42981672513
145,20221107 01:00:00,20899.11,21004.23,20820.0,20985.62,18865.37748,21222.480166666668,21173.84,21118.276,21011.372000000003,21150.69589579405,21367.116078180075,20934.275713408028
146,20221107 02:00:00,20986.4,21069.77,20960.53,20987.21,14598.71574,21218.628833333332,21164.627,21091.253,20983.348,21142.90487222323,21359.53103640933,20926.278708037127
147,20221107 03:00:00,20987.21,20990.0,20878.0,20913.82,12037.0277,21219.880833333336,21150.5935,21057.924000000003,20938.268,21131.988087394846,21349.351635286956,20914.624539502736
148,20221107 04:00:00,20913.82,20914.6,20818.65,20892.42,11695.38476,21221.6995,21132.5295,21024.810999999998,20935.636,21120.572134340884,21335.389327056477,20905.75494162529
149,20221107 05:00:00,20891.82,20918.33,20843.75,20858.95,11163.70947,21223.111666666668,21113.416999999998,20991.256,20927.604,21108.105670458273,21316.357143003515,20899.85419791303
150,20221107 06:00:00,20858.95,20909.72,20776.87,20861.43,16663.47023,21221.583333333332,21093.305,20957.069,20902.765999999996,21096.35178665648,21310.348112654978,20882.355460657982
151,20221107 07:00:00,20861.56,20868.66,20612.67,20635.74,24588.61281,21213.70333333333,21062.338,20907.909999999996,20832.472,21074.40469115216,21318.199387854915,20830.6099944494
152,20221107 08:00:00,20635.1,20726.49,20571.52,20716.86,22872.28897,21206.815166666664,21036.8305,20865.674,20793.08,21057.368994662094,21307.778222354664,20806.959766969525
153,20221107 09:00:00,20716.86,20757.81,20680.54,20681.13,16002.83049,21198.668166666663,21009.863,20843.229,20750.822000000004,21039.44307227081,21280.265376333078,20798.62076820854
154,20221107 10:00:00,20682.15,20811.92,20674.0,20757.61,15085.05205,21191.661166666665,20986.4515,20829.078999999998,20730.554,21026.01547296978,21270.33954690888,20781.69139903068
155,20221107 11:00:00,20757.61,20781.77,20720.09,20733.46,10165.20348,21184.743499999997,20961.0695,20803.863,20704.96,21012.077362764554,21244.30502842973,20779.849697099376
156,20221107 12:00:00,20733.97,20773.77,20688.28,20761.0,14839.89429,21173.521333333334,20936.2475,20781.242000000002,20730.012,21000.11566054653,21226.218559244175,20774.012761848884
157,20221107 13:00:00,20761.0,20798.74,20697.58,20721.5,17036.6829,21162.7995,20909.967,20762.010000000002,20730.94,20986.84229053122,21210.566899218953,20763.11768184349
158,20221107 14:00:00,20720.72,20764.29,20626.25,20654.36,25227.47776,21150.58,20881.5075,20738.204,20725.586,20971.003029762498,21199.96317785912,20742.042881665875
159,20221107 15:00:00,20655.04,20776.15,20644.29,20764.95,24401.73533,21139.252333333334,20860.030000000002,20728.804,20727.053999999996,20961.186984512522,21193.623117965395,20728.75085105965
160,20221107 16:00:00,20764.95,20803.41,20660.0,20662.98,17636.17229,21127.514666666666,20833.014,20708.959,20712.958000000002,20946.981143969275,21184.855664310486,20709.106623628064
161,20221107 17:00:00,20662.98,20720.37,20652.52,20703.0,12044.48993,21116.066333333332,20811.7975,20715.684999999998,20701.358,20935.358702541027,21163.015770453087,20707.701634628967
162,20221107 18:00:00,20702.6,20733.7,20685.02,20711.71,11018.29113,21104.571500000002,20790.422,20715.170000000002,20699.4,20924.705017666387,21139.33237833386,20710.077656998914
163,20221107 19:00:00,20711.71,20892.04,20706.63,20847.51,17294.9206,21095.623,20787.5185,20731.807999999997,20738.03,20921.027832842105,21151.27445793197,20690.78120775224
164,20221107 20:00:00,20848.33,20890.71,20797.29,20804.19,12602.62566,21087.509499999996,20782.7725,20736.466,20745.877999999997,20915.462351229973,21141.36831368851,20689.556388771438
165,20221107 21:00:00,20802.69,20835.99,20616.34,20681.03,14051.84352,21077.349166666667,20767.542999999998,20731.222999999998,20749.487999999998,20904.295513537185,21151.54088029117,20657.0501467832
166,20221107 22:00:00,20681.97,20685.0,20384.89,20461.43,17662.45614,21063.07066666667,20741.254,20701.265999999996,20701.174,20883.200576251125,21165.74340713554,20600.657745366712
167,20221107 23:00:00,20460.41,20607.0,20445.58,20591.13,11502.77574,21049.512333333332,20725.1195,20688.229,20677.058,20869.28862015647,21155.861168035237,20582.7160722777
168,20221108 00:00:00,20590.67,20629.67,20499.22,20514.25,13374.87694,21036.239999999998,20706.211,20674.218,20610.406,20852.377581284036,21136.382874327453,20568.37228824062
169,20221108 01:00:00,20515.11,20638.15,20494.53,20628.76,12244.43422,21025.5285,20694.701500000003,20660.599,20575.32,20841.726462993705,21126.055226738164,20557.397699249246
170,20221108 02:00:00,20628.76,20673.38,20434.12,20444.52,15998.57577,21011.61466666667,20673.856,20638.753,20528.018,20822.807366224264,21126.555253885148,20519.05947856338
171,20221108 03:00:00,20443.44,20534.0,20116.13,20148.66,39587.9448,20992.438666666665,20649.502,20583.319,20465.464,20790.697831641985,21147.64493125394,20433.75073203003
172,20221108 04:00:00,20147.62,20242.4,19546.7,19637.09,55120.49298,20964.31133333333,20595.5135,20475.856999999996,20274.656,20735.75226266271,21196.14465356853,20275.35987175689
173,20221108 05:00:00,19636.07,19735.34,19344.0,19704.38,44274.72131,20937.396166666666,20546.676,20361.544,20112.682,20686.629197168197,21179.250349335354,20194.00804500104
174,20221108 06:00:00,19704.38,19856.08,19650.0,19783.01,26464.85531,20912.236833333332,20497.946,20259.426,19943.532,20643.591283601472,21128.166320472843,20159.0162467301
175,20221108 07:00:00,19782.2,19855.3,19720.0,19796.9,17690.20218,20886.666666666668,20451.118,20171.013,19814.008,20603.265130142994,21066.442663137972,20140.087597148016
176,20221108 08:00:00,19796.9,19801.39,19663.03,19729.9,18421.65229,20859.624666666667,20399.563000000002,20097.86,19730.256,20561.668926066723,21006.20070561378,20117.137146519664
177,20221108 09:00:00,19729.9,19794.3,19695.46,19776.33,13578.03427,20833.641,20352.3045,20016.38,19758.104000000003,20524.265507083623,20944.112108499125,20104.41890566812
178,20221108 10:00:00,19775.8,19786.31,19649.14,19690.25,12789.22464,20806.862666666668,20304.099,19933.980000000003,19755.278000000002,20484.54408352184,20889.840024701974,20079.248142341705
179,20221108 11:00:00,19690.25,19736.83,19580.33,19699.04,16578.59592,20780.190500000004,20250.8035,19841.008,19738.484,20447.13338703058,20843.19973403914,20051.06704002202
180,20221108 12:00:00,19699.04,19746.78,19645.66,19722.32,12839.36089,20753.476,20203.770500000002,19768.788,19723.568,20412.613419465008,20789.297131671483,20035.929707258532
181,20221108 13:00:00,19723.21,19727.35,19500.01,19554.76,15979.84385,20726.099833333334,20146.3585,19709.398,19688.54,20371.757570699443,20756.240911721932,19987.274229676954
182,20221108 14:00:00,19554.76,19650.0,19306.12,19412.32,39202.73923,20695.662166666665,20081.389,19686.921000000002,19615.737999999998,20326.06401095076,20740.875017999297,19911.25300390222
183,20221108 15:00:00,19416.85,19530.0,19229.0,19520.97,29105.80082,20667.113666666668,20015.061999999998,19668.58,19581.882,20287.721360841562,20721.251267256517,19854.191454426607
184,20221108 16:00:00,19522.0,20700.88,19481.14,20371.06,70341.10094,20652.83583333333,19993.4055,19727.385000000002,19716.286,20291.690344622624,20925.815261083444,19657.565428161804
185,20221108 17:00:00,20369.58,20438.77,19324.99,19342.67,49445.28848,20622.623499999998,19926.4875,19681.962,19640.356,20246.493724807715,21039.962150113857,19453.025299501573
186,20221108 18:00:00,19342.67,19550.0,18386.0,18600.51,82580.76074,20579.774166666666,19833.4415,19569.023,19449.506,20168.10499962955,21115.026582830997,19221.183416428106
187,20221108 19:00:00,18600.51,18723.42,17166.83,18256.64,82344.544053,20530.81,19716.717,19417.053999999996,19218.370000000003,20077.07340304394,21240.620828466373,18913.52597762151
188,20221108 20:00:00,18255.24,18489.8,17810.49,18159.77,42296.98449,20479.244500000004,19598.993,19264.006,18946.129999999997,19985.76420997056,21168.818892894604,18802.709527046514
189,20221108 21:00:00,18159.77,18719.73,18135.0,18702.22,21797.22214,20436.92816666667,19502.666,19164.324,18612.362,19924.63729919484,21106.33251382373,18742.94208456595
190,20221108 22:00:00,18700.79,18730.0,18377.4,18459.68,13602.73275,20390.195,19403.424,19038.06,18435.764,19854.87116904154,20988.91686212077,18720.825475962312
191,20221108 23:00:00,18459.68,18645.89,18370.0,18547.23,15045.37377,20345.064166666667,19323.3525,18937.307,18425.108,19792.597221339838,20868.416345015714,18716.778097663962
192,20221109 00:00:00,18545.38,18587.76,18325.0,18335.76,20443.31011,20296.876666666667,19258.286,18829.650999999998,18440.932,19723.218374954402,20744.007586181517,18702.429163727287
193,20221109 01:00:00,18334.39,18495.0,18293.36,18322.44,22204.10467,20248.575999999997,19189.189,18709.798,18473.466,19656.50947318002,20615.54776320245,18697.47118315759
194,20221109 02:00:00,18321.46,18428.3,18113.73,18127.94,20307.84932,20196.944333333337,19106.4355,18485.485999999997,18358.609999999997,19583.71507804621,20509.76353902698,18657.666617065443
195,20221109 03:00:00,18127.94,18345.01,18000.0,18313.68,28478.65989,20148.154,19032.2745,18382.587,18329.409999999996,19523.23296586162,20425.678580718934,18620.78735100431
196,20221109 04:00:00,18313.68,18391.46,18193.74,18256.11,19018.31503,20098.131833333333,18958.585,18348.147,18271.185999999998,19462.889737427242,20314.634790749755,18611.14468410473
197,20221109 05:00:00,18256.09,18517.58,18173.09,18401.15,21757.60368,20050.699166666665,18889.826,18362.598,18284.264,19412.327478681196,20247.79602665728,18576.85893070511
198,20221109 06:00:00,18401.15,18459.79,18292.62,18304.35,15973.73862,20002.045833333334,18820.531,18377.056,18280.646,19359.563442547573,20144.919135686767,18574.20774940838
199,20221109 07:00:00,18304.35,18354.28,18202.59,18240.72,17110.55158,19952.816166666667,18747.614999999998,18330.906,18303.202,19306.282102211004,20043.440226002276,18569.12397841973
200,20221109 08:00:00,18239.34,18256.85,18041.17,18150.6,25168.86615,19901.937833333333,18669.029,18299.998,18270.586000000003,19251.246590097762,19957.82490149049,18544.668278705034
201,20221109 09:00:00,18152.27,18156.82,17623.04,17763.99,44433.71586,19845.882166666666,18579.4905,18221.674,18172.162000000004,19180.421132779244,19923.097613053327,18437.74465250516
202,20221109 10:00:00,17763.68,17870.33,17250.33,17689.3,58740.89974,19788.3835,18493.339500000002,18157.028,18029.791999999998,19109.411817335826,19901.82064960808,18317.002985063573
203,20221109 11:00:00,17689.3,17884.0,17552.39,17818.08,24099.9056,19736.925166666668,18408.195,18106.592,17932.538,19047.9169003852,19827.40684942425,18268.42695134615
204,20221109 12:00:00,17817.07,18015.0,17417.79,17619.85,36592.85286,19682.270833333332,18270.6345,18055.783000000003,17808.363999999998,18979.910633291245,19800.893587443672,18158.92767913882
205,20221109 13:00:00,17617.84,17713.64,17298.9,17582.24,31960.99543,19625.54783333333,18182.613,17982.639000000003,17694.692000000003,18913.35201668848,19735.184675425986,18091.519357950976
206,20221109 14:00:00,17582.24,17816.39,17361.51,17649.62,30529.02317,19569.921333333335,18135.0685,17921.989999999998,17671.818,18853.17182835456,19683.79722122128,18022.54643548784
207,20221109 15:00:00,17649.62,17834.99,16918.83,17116.08,55944.902054,19506.625666666663,18078.0405,17793.483,17557.174000000003,18770.449932089396,19701.244785699866,17839.655078478925
208,20221109 16:00:00,17119.61,17333.33,16857.0,17084.92,45996.797367,19443.167333333335,18024.298000000003,17671.54,17410.542,18690.18360993293,19623.16497818295,17757.20224168291
209,20221109 17:00:00,17084.94,17225.86,16800.0,16957.66,27894.051258,19378.145833333332,17937.07,17543.234,17278.104,18607.679556629442,19532.53478805246,17682.824325206424
210,20221109 18:00:00,16954.94,17021.98,16441.53,16602.53,39031.791708,19307.16416666667,17844.2125,17388.427,17082.162,18512.193015914454,19460.652724200398,17563.73330762851
211,20221109 19:00:00,16602.53,17025.18,16590.0,16784.64,24522.57361,19242.979166666668,17756.083000000002,17290.492,16909.166,18429.925937507647,19370.57567496344,17489.276200051856
212,20221109 20:00:00,16784.64,16900.0,16112.0,16237.79,32926.58096,19168.327999999998,17651.1845,17145.341,16733.507999999998,18325.53531050568,19329.720074227287,17321.35054678407
213,20221109 21:00:00,16237.79,16262.31,15671.0,15751.13,38881.756542,19086.161333333337,17522.619,16938.646,16466.75,18202.941000796844,19224.96928814917,17180.91271344452
214,20221109 22:00:00,15747.69,16095.0,15591.0,15874.66,21102.82903,19004.778833333334,17409.954999999998,16764.127,16250.15,18092.06739284633,19112.69285146322,17071.44193422944
215,20221109 23:00:00,15875.17,16000.0,15588.0,15922.81,28805.25549,18924.601333333336,17290.4115,16598.184,16114.206,17988.76668513714,18989.72959788977,16987.80377238451
216,20221110 00:00:00,15922.68,16342.64,15754.26,16272.46,39237.27879,18849.792333333335,17191.229,16460.468,16011.769999999999,17907.035733273755,18925.57835475319,16888.49311179432
217,20221110 01:00:00,16270.0,16445.46,16080.0,16140.29,25975.6301,18773.438833333334,17078.185999999998,16362.889,15992.27,17822.902962457367,18812.683321785815,16833.12260312892
218,20221110 02:00:00,16140.29,16263.15,16044.67,16211.61,19652.67884,18699.392999999996,16973.549000000003,16275.557999999999,16084.366,17746.172970213975,18680.671293604308,16811.67464682364
219,20221110 03:00:00,16210.23,16574.92,16184.1,16369.59,30551.40032,18626.137,16879.9925,16216.751,16183.352000000003,17680.619971484957,18599.832462534945,16761.40748043497
220,20221110 04:00:00,16370.64,16506.98,16204.36,16499.68,21517.09779,18556.748666666666,16797.4465,16206.466,16298.726,17624.38356744768,18512.198809390244,16736.568325505115
221,20221110 05:00:00,16498.26,16785.0,16493.06,16726.59,22000.32151,18490.475166666667,16745.576500000003,16200.661000000002,16389.552,17581.63064764254,18439.05236538874,16724.208929896344
222,20221110 06:00:00,16726.58,16907.14,16618.87,16706.3,19742.23544,18423.718333333334,16696.426499999998,16247.511999999999,16502.754,17539.94745107113,18369.28099704095,16710.61390510131
223,20221110 07:00:00,16705.02,16920.0,16637.37,16752.1,22770.46509,18355.461499999998,16643.127500000002,16347.609,16610.852000000003,17502.430233072413,18305.356424443766,16699.50404170106
224,20221110 08:00:00,16752.36,16959.99,16475.02,16844.49,28937.12658,18289.4665,16604.3595,16444.591999999997,16705.832000000002,17471.09921074815,18290.726782983216,16651.471638513085
225,20221110 09:00:00,16846.0,16855.67,16646.49,16694.14,17512.30588,18223.018333333333,16559.9545,16521.725,16744.724,17434.10055135969,18213.601366369418,16654.599736349963
226,20221110 10:00:00,16694.14,16744.6,16340.0,16403.74,22802.70656,18155.390166666664,16497.6605,16534.853,16680.154000000002,17385.0350032134,18167.505736722276,16602.564269704526
227,20221110 11:00:00,16403.74,16544.19,16258.74,16397.57,24149.78406,18085.4975,16461.734999999997,16560.581,16618.408000000003,17338.012166540066,18099.325826697273,16576.698506382858
228,20221110 12:00:00,16399.03,16897.47,16386.66,16672.03,33675.79312,18021.460499999997,16441.0905,16606.623,16602.394,17306.298284484597,18093.64257862695,16518.953990342245
229,20221110 13:00:00,16675.47,17800.0,16548.14,17650.93,55935.85483,17971.83,16475.754,16734.757,16763.682,17322.709538141913,18281.691402875163,16363.727673408663
230,20221110 14:00:00,17653.24,17749.0,17390.45,17636.39,34780.11776,17925.027833333334,16527.447,16848.428,16952.132,17337.646893339115,18272.44057159839,16402.853215079842
231,20221110 15:00:00,17636.39,17960.04,17383.62,17554.06,32435.00444,17881.7845,16565.917999999998,16931.175,17182.196,17347.9524044403,18304.550714874174,16391.354094006427
232,20221110 16:00:00,17556.12,17989.0,17448.36,17786.53,29507.41056,17850.941833333334,16643.355,17039.198,17459.988,17368.83729324136,18337.90377263212,16399.7708138506
233,20221110 17:00:00,17788.14,17840.0,17120.94,17197.23,28095.49359,17809.156000000003,16715.66,17083.711,17565.028000000002,17360.665427417734,18376.637258870338,16344.693595965131
234,20221110 18:00:00,17197.23,17480.47,17180.0,17360.81,19050.15471,17768.786000000004,16789.967500000002,17135.343,17507.004,17360.67231189859,18335.1409602052,16386.20366359198
235,20221110 19:00:00,17362.93,17500.0,17226.42,17455.62,14287.17027,17729.764666666666,16866.608,17211.491,17470.85,17365.19367552307,18296.93145899834,16433.4558920478
236,20221110 20:00:00,17456.98,18199.0,17374.81,18108.48,23001.9404,17702.740999999998,16958.409,17381.965,17581.734,17400.58859897424,18403.990604103008,16397.18659384547
237,20221110 21:00:00,18105.16,18166.65,17766.91,17858.67,19586.37136,17670.780000000002,17044.328,17528.075,17596.162,17422.40219657176,18405.41200118739,16439.392391956128
238,20221110 22:00:00,17856.17,17892.74,17677.53,17823.27,9322.50191,17639.663666666667,17124.911,17643.199,17721.37,17441.491304235107,18369.242128388534,16513.74048008168
239,20221110 23:00:00,17825.07,17856.72,17478.0,17601.15,13921.52041,17604.698833333332,17186.489,17638.221,17769.438000000002,17449.094161723347,18359.813903461254,16538.37441998544
240,20221111 00:00:00,17602.45,17660.0,17404.87,17553.81,14572.88485,17568.556999999997,17239.1955,17629.963,17789.076,17454.08066922266,18324.754436786403,16583.40690165892
241,20221111 01:00:00,17553.81,17695.0,17202.38,17269.21,19175.52244,17530.4645,17266.3265,17601.478,17621.222,17445.277238430986,18327.40762923845,16563.146847623524
242,20221111 02:00:00,17269.21,17362.01,17013.76,17204.27,21278.31313,17493.663666666667,17291.225,17543.252,17490.342,17433.800621832026,18297.3679735586,16570.23327010545
243,20221111 03:00:00,17203.11,17216.21,16888.76,17064.12,19692.13753,17452.71616666667,17306.826,17529.941,17338.512,17416.196663731578,18258.897280285353,16573.496047177803
244,20221111 04:00:00,17064.12,17184.39,17002.97,17084.41,14210.92629,17397.938666666665,17318.822,17502.301,17235.164,17400.397197105278,18195.11175200338,16605.682642207175
245,20221111 05:00:00,17083.18,17398.0,17055.82,17357.62,17212.62389,17364.854499999998,17351.996000000003,17492.500999999997,17195.926,17398.360175233174,18182.039274641404,16614.681075824945
246,20221111 06:00:00,17359.45,17430.33,17162.99,17268.77,13095.76249,17342.658833333335,17395.247499999998,17408.530000000002,17195.838,17392.189178483244,18150.96836795053,16633.40998901596
247,20221111 07:00:00,17268.77,17483.9,17153.84,17404.08,16902.80546,17328.449500000002,17445.573,17363.071,17235.8,17392.755411227383,18141.668681747895,16643.84214070687
248,20221111 08:00:00,17404.09,17537.0,17271.21,17397.56,16067.55945,17315.746,17481.8495,17320.5,17302.488,17392.984202380383,18120.164145848754,16665.804258912012
249,20221111 09:00:00,17398.85,17438.26,17307.64,17392.14,10655.47864,17293.911333333333,17468.91,17299.599,17364.034,17392.94400206431,18073.529951185676,16712.358052942942
250,20221111 10:00:00,17392.14,17422.55,17209.2,17336.64,10997.00855,17275.194,17453.9225,17277.881999999998,17359.838,17390.262846232064,18045.46020044121,16735.065492022917
251,20221111 11:00:00,17334.41,17467.6,17294.01,17350.7,11024.83985,17255.251833333332,17443.7545,17286.031,17376.224,17388.378892556182,18012.774511344323,16763.98327376804
252,20221111 12:00:00,17349.45,17414.52,17258.23,17400.33,10305.34322,17239.661333333333,17424.4445,17305.637,17375.474,17388.94799538977,17982.162052299016,16795.733938480527
253,20221111 13:00:00,17399.17,17544.9,17292.38,17303.82,15804.49289,17222.68433333333,17429.773999999998,17329.607,17356.726000000002,17384.894264505645,17969.290915723945,16800.497613287345
254,20221111 14:00:00,17303.39,17328.0,16361.6,16916.02,55155.78814,17202.485666666667,17407.5345,17312.768000000004,17261.502,17362.566830356704,18081.803816453463,16643.329844259944
255,20221111 15:00:00,16916.02,17050.0,16673.06,16871.27,27760.21224,17178.445499999998,17378.317,17264.133,17168.428000000004,17339.171655159756,18061.872942646845,16616.470367672668
256,20221111 16:00:00,16871.27,16934.5,16543.95,16836.28,19067.00151,17154.781666666666,17314.707000000002,17220.884,17065.544,17315.224347661864,18043.765506400254,16586.683188923475
257,20221111 17:00:00,16836.28,16963.71,16750.1,16909.31,14008.49051,17129.917666666668,17267.239,17171.407,16967.340000000004,17295.8950270366,17994.304069901104,16597.485984172097
258,20221111 18:00:00,16909.31,17045.09,16802.07,16837.11,12998.72229,17105.463666666667,17217.931,17115.362,16873.998,17274.048049970144,17951.220188548166,16596.875911392122
259,20221111 19:00:00,16838.56,16893.42,16672.29,16849.17,11057.28059,17082.271166666666,17180.332000000002,17061.065,16860.628,17253.81569923967,17907.49662395986,16600.134774519476
260,20221111 20:00:00,16849.17,16868.17,16555.77,16626.64,12549.93757,17056.871833333335,17133.9735,16990.065000000002,16811.701999999997,17223.950101695013,17874.74293394318,16573.157269446845
261,20221111 21:00:00,16626.64,16900.0,16614.21,16803.15,10738.91735,17040.85783333333,17110.6705,16935.31,16805.076,17203.911945346306,17846.78349436965,16561.040396322962
262,20221111 22:00:00,16804.07,16989.1,16790.0,16920.95,7835.38458,17028.052,17096.504500000003,16887.372000000003,16807.404,17190.437530961506,17808.84192508249,16572.03313684052
263,20221111 23:00:00,16922.96,17148.96,16834.37,17070.31,11385.43146,17015.589166666665,17096.814000000002,16864.021,16854.044,17184.71715777463,17804.19911248352,16565.235203065742
264,20221112 00:00:00,17069.98,17119.1,16857.86,16901.29,11784.41932,17003.613166666666,17087.658,16862.548,16864.468,17171.220593713515,17781.002352951506,16561.438834475524
265,20221112 01:00:00,16901.29,16932.84,16801.17,16894.43,7048.79208,16992.149666666668,17064.498499999998,16864.864,16918.026,17158.040058801515,17733.177642115683,16582.902475487346
266,20221112 02:00:00,16893.43,17001.98,16857.13,16890.49,6401.54615,16979.4975,17045.584500000004,16870.285,16935.494,17145.299551779626,17691.89337676236,16598.705726796892
267,20221112 03:00:00,16889.02,16932.88,16774.0,16907.44,8584.94585,16976.020166666665,17020.7525,16870.098,16932.791999999998,17133.972882722832,17657.683325207283,16610.26244023838
268,20221112 04:00:00,16907.58,16938.2,16739.29,16766.72,10586.25804,16970.716833333332,16989.2105,16863.059,16872.074,17116.484615312227,17627.606013548226,16605.36321707623
269,20221112 05:00:00,16766.72,16787.56,16631.39,16703.62,12799.03705,16966.48283333333,16954.7845,16848.504,16832.54,17096.8243581693,17588.067616581688,16605.58109975691
270,20221112 06:00:00,16701.86,16818.71,16676.72,16760.3,8919.85699,16969.112333333334,16925.9675,16861.87,16805.714,17080.799359725992,17551.316292297135,16610.28242715485
271,20221112 07:00:00,16760.67,16872.86,16753.73,16822.02,8714.30871,16969.735333333334,16899.5335,16863.757,16792.019999999997,17068.476511829085,17515.767751143107,16621.185272515064
272,20221112 08:00:00,16822.02,16905.85,16727.13,16842.46,8782.84109,16979.813166666667,16871.640000000003,16855.908,16779.023999999998,17057.713803119346,17496.01991850196,16619.407687736733
273,20221112 09:00:00,16841.35,16905.22,16800.0,16863.98,7237.96867,16998.360666666667,16849.648,16835.275,16798.476000000002,17048.48836949809,17464.007873342434,16632.968865653744
274,20221112 10:00:00,16864.46,16977.45,16807.13,16843.88,9386.81678,17014.514333333333,16846.041,16829.534000000003,16826.528000000002,17038.74509929837,17446.77665275828,16630.71354583846
275,20221112 11:00:00,16842.66,16887.51,16790.3,16866.92,5794.82302,17030.249499999998,16845.823500000002,16826.783,16847.852000000003,17030.562940108364,17417.23333822228,16643.89254199445
276,20221112 12:00:00,16866.46,16918.29,16809.83,16862.99,6102.63112,17040.091666666667,16847.159,16824.033,16856.046,17022.583265515404,17392.27862381792,16652.887907212888
277,20221112 13:00:00,16863.46,16869.0,16757.0,16840.79,6108.37533,17051.766666666666,16843.733,16817.368,16855.712,17013.926432211883,17369.052254684146,16658.80060973962
278,20221112 14:00:00,16839.75,16964.9,16799.28,16900.01,8337.69552,17063.24,16846.878,16830.697,16862.917999999998,17008.501833555903,17361.23907378094,16655.764593330867
279,20221112 15:00:00,16901.33,16996.35,16873.84,16935.74,7285.35918,17072.675833333335,16851.2065,16853.909,16881.29,17005.036980296165,17347.0024964987,16663.07146409363
280,20221112 16:00:00,16935.74,16964.37,16870.01,16888.68,5447.29967,17079.159166666665,16864.308500000003,16866.747,16885.642,16999.49616555347,17326.137130135747,16672.855200971197
281,20221112 17:00:00,16889.57,16910.83,16857.47,16891.69,4726.00978,17081.910833333335,16868.735500000003,16873.714,16891.382,16994.36253318932,17299.011401313368,16689.713665065272
282,20221112 18:00:00,16891.69,16899.99,16830.0,16871.49,4717.66276,17084.664,16866.2625,16876.617000000002,16897.522,16988.511454282856,17276.693435594498,16700.329472971214
283,20221112 19:00:00,16871.49,16902.03,16846.82,16891.32,3322.18754,17086.984333333334,16857.313000000002,16879.351,16895.784,16983.883285350483,17254.289068530958,16713.477502170008
284,20221112 20:00:00,16892.41,16897.68,16791.71,16820.32,3734.91429,17086.5815,16853.2645,16876.995000000003,16872.7,16976.094550356047,17240.653755218475,16711.53534549362
285,20221112 21:00:00,16820.98,16862.5,16767.73,16819.64,4589.13274,17088.673166666667,16849.525,16872.267,16858.892,16968.644327185637,17225.70161156182,16711.587042809453
286,20221112 22:00:00,16818.73,16858.04,16791.0,16835.63,2685.87497,17095.871333333333,16846.782,16869.531,16847.68,16962.310306353054,17207.069862291617,16717.55075041449
287,20221112 23:00:00,16835.63,16840.15,16760.0,16812.08,4721.2037,17102.779833333334,16842.014000000003,16866.66,16835.798,16955.156476591368,17191.470076936075,16718.84287624666
288,20221113 00:00:00,16813.16,16886.0,16774.07,16842.6,5163.90056,17105.622666666666,16845.807999999997,16860.919,16826.054,16949.796640341443,17184.86488065168,16714.728400031207
289,20221113 01:00:00,16841.84,16905.9,16840.1,16879.34,3907.13261,17092.76283333333,16854.594,16855.279000000002,16837.858,16946.441559826653,17171.162976105865,16721.72014354744
290,20221113 02:00:00,16878.63,16905.19,16856.99,16895.56,4245.89137,17080.415666666668,16861.357,16855.967,16853.041999999998,16944.0186267534,17155.90790140469,16732.12935210211
291,20221113 03:00:00,16894.79,16954.28,16865.08,16914.6,6414.68651,17069.757999999998,16865.985999999997,16858.258,16868.836,16942.617738854962,17151.158086041123,16734.0773916688
292,20221113 04:00:00,16915.02,16926.15,16854.16,16863.77,4716.55029,17054.378666666667,16867.0515,16857.485999999997,16879.174000000003,16938.86308230047,17140.947394768016,16736.778769832927
293,20221113 05:00:00,16864.6,16873.12,16837.18,16853.68,3975.49445,17048.652833333334,16866.5365,16853.722,16881.39,16934.806742657613,17123.870623878403,16745.742861436822
294,20221113 06:00:00,16853.68,16867.88,16680.0,16684.45,9451.46691,17037.380166666666,16858.565,16840.135000000002,16842.412,16922.88498631616,17130.618479414872,16715.151493217447
295,20221113 07:00:00,16684.45,16801.01,16562.82,16774.99,12826.74797,17026.036333333333,16853.9685,16835.67,16818.298000000003,16915.8423641557,17150.44050794454,16681.244220366858
296,20221113 08:00:00,16774.99,16795.92,16606.05,16650.36,7774.9859,17001.734333333334,16843.337,16817.143000000004,16765.45,16903.200340379266,17152.312669789222,16654.08801096931
297,20221113 09:00:00,16650.89,16675.07,16435.23,16538.58,14511.31207,16979.732833333335,16828.226499999997,16789.792999999998,16700.412,16885.837458609836,17158.0065550788,16613.668362140874
298,20221113 10:00:00,16538.58,16625.82,16508.01,16585.14,8043.24545,16959.09733333333,16812.483,16764.047,16646.704,16871.51852539771,17140.032712219778,16603.004338575643
299,20221113 11:00:00,16585.14,16728.12,16562.43,16659.23,9553.92687,16943.398666666668,16798.657499999998,16742.036,16641.660000000003,16861.40954355235,17136.210311692208,16586.60877541249
300,20221113 12:00:00,16659.23,16671.76,16590.1,16609.22,6325.9491,16927.6555,16784.6845,16713.402000000002,16608.506,16849.400512639357,17113.053203965228,16585.747821313485
301,20221113 13:00:00,16609.78,16707.08,16590.02,16669.53,8591.51622,16917.660833333335,16773.5765,16688.895,16612.340000000004,16840.83524671629,17101.53466890958,16580.135824523004
302,20221113 14:00:00,16669.53,16714.26,16616.92,16632.93,8302.4332,16908.138499999997,16761.6485,16665.811,16631.21,16830.934993111787,17085.032473085743,16576.83751313783
303,20221113 15:00:00,16633.82,16652.36,16517.85,16580.79,9866.58224,16900.083,16746.122,16638.522000000004,16630.340000000004,16819.023322463643,17074.613054440204,16563.433590487082
304,20221113 16:00:00,16579.49,16621.23,16485.32,16586.45,7916.17211,16891.783666666666,16734.4285,16628.722,16615.784,16807.948398530363,17065.16115730927,16550.735639751456
305,20221113 17:00:00,16586.45,16591.96,16463.68,16551.89,7794.09765,16878.354833333335,16721.041,16606.412000000004,16604.318000000003,16795.75513745625,17052.902620357265,16538.607654555235
306,20221113 18:00:00,16551.44,16568.64,16461.16,16527.06,6502.10289,16865.993000000002,16705.6125,16594.082000000002,16575.824,16782.96012691195,17035.88886152286,16530.031392301036
307,20221113 19:00:00,16527.06,16579.58,16498.0,16554.6,6222.07259,16851.835,16692.7385,16595.684,16560.158000000003,16772.085831917575,17016.037693067396,16528.133970767754
308,20221113 20:00:00,16553.35,16583.15,16461.8,16488.49,6377.70791,16836.683833333333,16675.033000000003,16586.019,16541.697999999997,16758.581264664794,17002.407939699635,16514.754589629953
309,20221113 21:00:00,16488.03,16559.7,16229.0,16390.67,13785.73633,16819.99266666667,16650.5995,16559.163,16502.541999999998,16741.06167590335,17026.64568343471,16455.477668371994
310,20221113 22:00:00,16391.66,16479.0,16338.78,16438.35,5520.57088,16805.021166666666,16627.739,16542.075999999997,16479.834,16726.64683048739,17011.716437265608,16441.57722370917
311,20221113 23:00:00,16440.02,16448.99,16276.2,16329.85,7170.50638,16788.007,16598.501500000002,16508.108,16440.392,16707.75173869445,16998.87238479485,16416.63109259405
312,20221114 00:00:00,16331.78,16411.99,16100.0,16259.64,13796.72522,16768.9955,16568.295000000002,16470.779,16381.399999999998,16686.41307949449,17010.81966098485,16362.006498004132
313,20221114 01:00:00,16260.11,16303.55,16000.0,16090.87,14787.4604,16748.779666666665,16530.1545,16421.787000000004,16301.876,16658.0538789341,17010.729802275426,16305.377955592778
314,20221114 02:00:00,16090.87,16223.23,15911.61,16177.83,14877.7898,16736.4765,16504.823500000002,16380.925,16259.308,16635.18607033812,17014.918401345312,16255.45373933093
315,20221114 03:00:00,16178.86,16218.63,16119.73,16139.79,9559.54792,16724.285166666665,16473.0635,16339.715,16199.596,16611.59577652198,16973.13487442845,16250.056678615507
316,20221114 04:00:00,16140.66,16147.54,15853.66,15988.79,16688.29515,16710.160333333337,16439.985,16285.888,16131.384,16581.938352902187,16966.09954101801,16197.777164786363
317,20221114 05:00:00,15988.8,16009.99,15815.21,15863.31,10950.15274,16692.727,16406.2215,16216.759000000002,16052.117999999999,16547.717948891946,16932.41901819619,16163.016879587703
318,20221114 06:00:00,15863.25,16748.66,15847.54,16635.49,28717.50331,16689.366666666665,16408.739,16231.458999999999,16161.042000000001,16551.897571100642,17078.35253347446,16025.442608726824
319,20221114 07:00:00,16639.75,16889.97,16385.11,16824.78,31586.51798,16688.960166666668,16417.0165,16274.87,16290.432,16564.891974630482,17139.673440766917,15990.110508494045
320,20221114 08:00:00,16822.96,16935.59,16713.75,16764.23,19753.28349,16691.253333333334,16424.767,16307.458000000002,16415.32,16574.384263051164,17136.055582573958,16012.712943528371
321,20221114 09:00:00,16764.23,16796.99,16640.01,16752.98,13648.56643,16690.417166666666,16428.9395,16349.770999999999,16568.158,16582.88882323198,17119.789010802495,16045.988635661466
322,20221114 10:00:00,16752.99,16840.0,16709.42,16781.35,10738.0821,16688.0905,16436.360500000003,16401.942000000003,16751.765999999996,16592.339356812074,17101.665525625536,16083.013187998611
323,20221114 11:00:00,16781.35,16886.53,16733.68,16749.8,10415.50627,16682.748666666666,16444.810999999998,16467.835,16774.628,16599.83748370056,17088.801035632678,16110.873931768445
324,20221114 12:00:00,16748.75,16838.88,16666.5,16823.58,11427.51383,16681.4535,16456.6675,16532.41,16774.388,16610.49189062222,17085.035087361124,16135.948693883314
325,20221114 13:00:00,16821.66,17190.0,16502.0,16729.9,37861.04329,16678.711333333333,16465.568000000003,16591.421,16767.522,16616.17799177202,17180.866868837034,16051.489114707005
326,20221114 14:00:00,16729.9,16806.6,16425.67,16605.05,25214.63114,16673.954,16469.467500000002,16653.047,16737.935999999998,16615.64808733951,17200.054076698023,16031.242097980996
327,20221114 15:00:00,16606.71,16677.0,16452.67,16595.84,15898.78068,16668.760666666665,16471.529499999997,16726.3,16700.834,16614.704844979435,17185.536235402098,16043.873454556773
328,20221114 16:00:00,16593.77,16625.34,16356.71,16470.14,16438.29706,16663.817666666666,16470.612,16709.765,16644.902000000002,16607.82080400685,17175.295055387247,16040.346552626454
329,20221114 17:00:00,16470.14,16619.8,16444.3,16582.52,10953.34846,16661.799333333332,16480.2045,16685.539,16596.690000000002,16606.61600369346,17152.442829935815,16060.789177451103
330,20221114 18:00:00,16582.52,16674.97,16532.06,16613.12,7805.46287,16659.346333333335,16488.943,16670.428,16573.334,16606.925717833306,17126.751861451427,16087.099574215186
331,20221114 19:00:00,16614.82,16633.27,16181.0,16258.21,15978.99397,16649.9495,16485.360999999997,16620.951,16503.965999999997,16590.320205927776,17148.617735184085,16032.022676671466
332,20221114 20:00:00,16258.21,16339.98,16191.58,16274.83,13565.82057,16640.489,16486.120499999997,16570.299,16439.764,16575.296861467883,17107.444637798562,16043.149085137205
333,20221114 21:00:00,16276.51,16419.99,16261.81,16406.43,8304.16927,16632.863166666666,16501.8985,16535.962,16427.021999999997,16567.255581677236,17077.824580374847,16056.686582979626
334,20221114 22:00:00,16407.87,16455.7,16355.98,16410.56,5662.27899,16625.641166666668,16513.534999999996,16494.66,16392.63,16559.793886716783,17039.249985544633,16080.337787888933
335,20221114 23:00:00,16412.36,16765.0,16405.0,16619.46,15581.00656,16621.516833333335,16537.5185,16483.616,16393.897999999997,16562.635130422186,17066.14561936725,16059.124641477121
336,20221115 00:00:00,16617.72,16682.09,16535.0,16565.14,11219.2015,16616.552666666666,16566.336000000003,16479.624999999996,16455.284,16562.754409934518,17045.331849985076,16080.17696988396
337,20221115 01:00:00,16564.16,16809.0,16527.72,16716.7,11245.63233,16614.4845,16609.0055,16491.711,16543.658000000003,16570.08515282344,17060.660848868945,16079.50945677794
338,20221115 02:00:00,16716.7,16806.16,16683.0,16765.91,8539.80369,16612.249499999998,16615.5265,16521.288,16615.554,16579.41014615775,17045.5602725987,16113.260019716796
339,20221115 03:00:00,16765.92,16894.56,16764.11,16823.06,10742.8165,16610.3715,16615.4405,16545.341999999997,16698.053999999996,16591.01252087498,17036.63763467184,16145.387407078124
340,20221115 04:00:00,16823.06,16857.85,16756.34,16768.84,7929.40727,16608.37416666667,16615.671000000002,16560.913999999997,16727.93,16599.480496575175,17020.845098992348,16178.115894158005
341,20221115 05:00:00,16768.12,16799.21,16638.59,16657.75,8549.93826,16604.475166666667,16610.9095,16600.868,16746.452,16602.255234990713,17013.607377166165,16190.903092815259
342,20221115 06:00:00,16657.74,16758.85,16651.85,16750.37,7316.35398,16602.4565,16609.360500000003,16648.422,16753.185999999998,16609.308319419357,17000.925247377265,16217.691391461449
343,20221115 07:00:00,16751.34,16946.32,16744.77,16844.63,14221.30593,16601.678333333333,16614.102000000003,16692.242,16768.93,16620.51411430859,17013.279349470708,16227.748879146471
344,20221115 08:00:00,16845.34,16989.0,16805.89,16921.32,12134.56399,16603.361666666668,16618.988999999998,16743.318,16788.582,16634.838204804484,17024.94891645039,16244.727493158578
345,20221115 09:00:00,16920.56,16953.94,16731.58,16797.92,12863.53436,16602.999666666667,16622.39,16761.163999999997,16794.397999999997,16642.604004937682,17038.175645418996,16247.032364456369
346,20221115 10:00:00,16797.92,16888.0,16757.0,16883.12,9301.17934,16603.791166666666,16636.2935,16792.962,16839.471999999998,16654.057148068136,17036.271624501318,16271.842671634953
347,20221115 11:00:00,16883.12,16969.02,16708.31,16781.62,12685.98557,16603.2835,16645.5825,16799.454,16845.722,16660.131569845522,17056.266598635386,16263.996541055658
348,20221115 12:00:00,16783.27,16889.09,16730.0,16835.31,9992.67742,16603.162,16663.841,16806.394,16843.858,16668.473400188766,17056.812926099643,16280.133874277888
349,20221115 13:00:00,16835.31,17134.69,16823.0,17012.53,20816.93452,16605.381833333333,16685.3415,16825.341,16862.1,16684.85704842711,17096.700621746902,16273.013475107322
350,20221115 14:00:00,17014.31,17014.31,16815.08,16937.71,17186.25126,16606.084333333336,16701.571,16842.228,16890.058,16696.897665608427,17107.402881596237,16286.392449620616
351,20221115 15:00:00,16936.5,17088.0,16880.0,16987.03,16673.09956,16607.2915,16738.012,16875.156,16910.840000000004,16710.7134915362,17121.76818592523,16299.65879714717
352,20221115 16:00:00,16988.07,17071.43,16918.71,17009.37,13929.78275,16609.718166666666,16774.739,16901.056,16956.39,16724.935230505595,17125.428455455723,16324.442005555467
353,20221115 17:00:00,17010.28,17069.87,16967.04,16999.24,10893.58901,16612.144166666665,16804.379500000003,16916.517,16989.176,16737.99736279838,17119.007265253495,16356.987460343267
354,20221115 18:00:00,16999.24,17013.08,16640.21,16734.53,20573.39185,16612.978833333334,16820.578,16897.838,16933.576,16737.83225027921,17155.315162488812,16320.349338069607
355,20221115 19:00:00,16733.0,16878.83,16614.61,16858.77,14664.03422,16614.37516666667,16832.5435,16903.923000000003,16917.788,16743.591190906904,17172.169811895546,16315.01256991826
356,20221115 20:00:00,16858.77,16939.99,16736.47,16839.81,11334.67417,16617.532666666666,16846.277,16899.591999999997,16888.344,16748.173039083827,17174.597797973605,16321.748280194048
357,20221115 21:00:00,16839.81,16929.98,16778.21,16911.12,8463.11239,16623.741666666665,16855.998,16912.541999999998,16868.694,16755.932418376473,17170.068701377273,16341.796135375673
358,20221115 22:00:00,16911.1,16913.56,16844.39,16880.49,4819.50077,16628.66416666667,16861.727,16917.059999999998,16844.944,16761.863731933736,17148.420386634458,16375.307077233014
359,20221115 23:00:00,16880.49,16904.76,16835.58,16900.57,6365.07327,16632.6865,16865.6025,16905.863999999998,16878.152000000002,16768.468792473344,17130.205781703993,16406.731803242696
360,20221116 00:00:00,16900.57,16935.39,16765.64,16786.29,10681.38595,16635.637666666666,16866.475,16890.722,16863.656,16769.317421422213,17128.830711729795,16409.80413111463
361,20221116 01:00:00,16787.44,16860.63,16777.0,16859.19,7679.23467,16638.798666666666,16876.547,16877.938000000002,16867.532,16773.597068112544,17113.88502938937,16433.309106835717
362,20221116 02:00:00,16859.19,17015.92,16822.43,16941.96,11672.96972,16643.94916666667,16886.1265,16871.197,16873.7,16781.614350746422,17126.571515895565,16436.65718559728
363,20221116 03:00:00,16943.0,16982.6,16917.15,16969.99,6776.09998,16650.435833333333,16892.3945,16868.271999999997,16891.6,16790.584619932237,17114.136068566466,16467.033171298008
364,20221116 04:00:00,16970.87,16979.22,16892.0,16909.42,7885.36181,16655.818666666666,16891.7995,16885.761000000002,16893.370000000003,16796.243447658893,17104.883751429697,16487.60314388809
365,20221116 05:00:00,16910.06,16957.56,16877.04,16922.11,8423.05485,16661.988999999998,16898.009,16892.095,16920.533999999996,16802.237093113763,17096.11736650749,16508.356819720037
366,20221116 06:00:00,16922.11,16939.88,16796.2,16866.23,14622.7576,16667.641833333335,16897.1645,16894.737,16921.942000000003,16805.284374445044,17098.512620499398,16512.05612839069
367,20221116 07:00:00,16866.62,16907.22,16821.89,16824.69,8235.89098,16672.143333333333,16899.318,16886.094,16898.488,16806.208451867147,17087.179873316065,16525.23703041823
368,20221116 08:00:00,16824.69,16850.27,16697.15,16789.84,14386.48987,16677.165833333333,16897.0445,16877.029000000002,16862.458000000002,16805.429001766406,17088.92728107043,16521.93072246238
369,20221116 09:00:00,16789.84,16807.05,16670.43,16744.33,10334.86161,16683.060166666666,16883.6345,16861.405000000002,16829.44,16802.519525449763,17084.991976823385,16520.04707407614
370,20221116 10:00:00,16744.33,16779.0,16680.54,16731.47,10086.17882,16687.945499999998,16873.322500000002,16855.923000000003,16791.311999999998,16799.136214667487,17073.053420903747,16525.219008431228
371,20221116 11:00:00,16731.48,16775.38,16650.29,16707.9,10110.50811,16694.246333333333,16859.366,16840.794,16759.646,16794.7916329597,17066.335118572333,16523.248147347065
372,20221116 12:00:00,16706.64,16721.23,16557.01,16659.82,13646.4579,16700.916,16841.888499999997,16812.58,16726.672000000002,16788.364412262326,17065.597549313698,16511.131275210955
373,20221116 13:00:00,16659.33,16700.24,16449.41,16513.61,25479.61919,16707.961666666666,16817.607,16766.942,16671.426,16775.280868665694,17074.95669201193,16475.60504531946
374,20221116 14:00:00,16512.86,16580.26,16391.03,16484.78,21341.41066,16713.0775,16805.1195,16724.478,16619.516,16761.447493810672,17069.001734822283,16453.893252799062
375,20221116 15:00:00,16484.78,16562.85,16378.61,16431.7,15606.64991,16717.942666666666,16783.766,16675.436999999998,16559.561999999998,16745.745232031288,17059.392048941736,16432.09841512084
376,20221116 16:00:00,16431.7,16556.34,16401.0,16498.65,10832.85319,16726.440333333332,16766.708000000002,16638.679,16517.712,16733.97879228989,17047.328927509294,16420.628657070487
377,20221116 17:00:00,16498.65,16636.29,16491.99,16577.01,10050.0623,16738.335333333333,16750.0025,16613.911,16501.15,16726.504087822013,17037.379209519477,16415.62896612455
378,20221116 18:00:00,16577.97,16643.23,16531.6,16549.9,7443.9697,16736.908833333335,16733.473,16589.917,16508.408,16718.094369275947,17020.207978803664,16415.98075974823
379,20221116 19:00:00,16549.05,16568.74,16452.07,16556.88,7436.79664,16732.443833333335,16716.288500000002,16571.172,16522.828,16710.417494480404,17005.65374305535,16415.181245905456
380,20221116 20:00:00,16558.2,16602.82,16522.24,16582.26,6521.6656,16729.411,16706.087,16556.250999999997,16552.94,16704.314756596432,16986.143380313883,16422.48613287898
381,20221116 21:00:00,16582.26,16616.04,16532.1,16549.79,5304.87349,16726.024500000003,16690.617000000002,16540.44,16563.167999999998,16696.956434794523,16967.39019614023,16426.522673448817
382,20221116 22:00:00,16549.79,16704.09,16499.46,16669.61,5607.45492,16724.16216666667,16676.999499999998,16541.419,16581.688000000002,16695.65422360385,16979.970608814987,16411.337838392716
383,20221116 23:00:00,16669.61,16773.09,16630.0,16662.76,11326.80062,16722.7115,16661.638,16556.334,16604.260000000002,16694.087831992234,16978.590578682255,16409.585085302213
384,20221117 00:00:00,16661.61,16751.0,16654.0,16702.61,8533.6751,16720.695333333333,16651.297499999997,16578.117000000002,16633.406,16694.493649519234,16969.946121540255,16419.041177498213
385,20221117 01:00:00,16702.61,16745.68,16682.38,16694.3,6947.91662,16720.102,16639.907,16604.377,16655.814000000002,16694.484428113497,16955.051652932416,16433.91720329458
386,20221117 02:00:00,16694.3,16704.98,16573.2,16577.42,8196.73394,16719.6415,16625.466500000002,16612.254,16661.34,16688.909931501512,16949.77643383854,16428.043429164485
387,20221117 03:00:00,16577.42,16610.82,16505.0,16526.18,8788.34826,16718.480499999998,16610.541,16607.171,16632.654,16681.16088709776,16937.104739201084,16425.21703499444
388,20221117 04:00:00,16526.18,16539.46,16410.74,16504.0,10856.91951,16719.044833333333,16596.249,16602.581,16600.902,16672.72465433057,16928.81812122356,16416.63118743758
389,20221117 05:00:00,16503.31,16618.27,16497.62,16578.36,7146.02268,16718.9755,16587.9505,16604.729,16576.052,16668.23109933797,16922.84521954166,16413.616979134276
390,20221117 06:00:00,16579.77,16620.0,16533.95,16570.05,9899.07351,16718.257666666665,16579.8795,16603.508,16551.201999999997,16663.55580886905,16909.91851705237,16417.193100685727
391,20221117 07:00:00,16571.69,16624.12,16535.7,16611.9,10679.58946,16724.1525,16575.0795,16609.719,16558.097999999998,16661.09600843456,16900.50644579955,16421.68557106957
392,20221117 08:00:00,16611.9,16635.82,16561.66,16570.3,8134.80887,16729.077,16570.6035,16599.787999999997,16566.922,16656.77238896495,16887.07378259344,16426.470995336458
393,20221117 09:00:00,16571.04,16582.68,16471.36,16522.75,12077.76134,16731.015666666666,16571.0605,16585.787,16570.672,16650.39037041421,16879.92562467985,16420.85511614857
394,20221117 10:00:00,16522.19,16557.0,16500.16,16526.51,7967.0803,16732.948166666665,16573.147,16568.177,16560.302000000003,16644.491305131214,16862.44103397029,16426.541576292137
395,20221117 11:00:00,16526.51,16615.99,16523.45,16595.08,8807.63224,16732.541833333333,16581.316,16558.254999999997,16565.308,16642.13838582969,16856.80114178486,16427.47562987452
396,20221117 12:00:00,16594.19,16604.71,16546.39,16577.35,7874.97768,16732.745333333332,16585.251,16558.248,16558.398,16639.053224587762,16843.913704947416,16434.19274422811
397,20221117 13:00:00,16577.35,16580.38,16430.0,16492.5,14752.3634,16729.00866666667,16581.0255,16554.879999999997,16542.838,16632.07449958166,16846.524931905347,16417.624067257973
398,20221117 14:00:00,16492.5,16553.76,16458.09,16511.21,10625.73336,16724.763666666666,16579.091,16555.601000000002,16540.53,16626.31904720042,16838.45843629174,16414.1796581091
399,20221117 15:00:00,16511.21,16717.49,16500.01,16536.71,20208.23406,16719.991166666667,16578.082499999997,16551.436,16542.57,16622.051949700417,16856.473399882605,16387.63049951823
400,20221117 16:00:00,16534.61,16682.0,16517.36,16655.09,14413.18731,16718.095333333335,16581.724,16559.94,16554.571999999996,16623.625190195886,16867.532495359854,16379.717885031918
401,20221117 17:00:00,16655.09,16707.7,16615.8,16693.4,10580.00795,16718.6895,16588.9045,16568.09,16577.782,16626.947800196638,16864.84437484421,16389.051225549065
402,20221117 18:00:00,16693.4,16748.94,16669.03,16703.16,9215.33764,16717.902666666665,16590.582000000002,16581.376,16619.914,16630.57695257871,16860.665869761528,16400.488035395894
403,20221117 19:00:00,16702.44,16713.0,16602.41,16620.56,7102.77351,16714.168166666666,16588.472,16591.157,16641.784000000003,16630.099954835554,16859.29798030009,16400.90192937102
404,20221117 20:00:00,16620.56,16701.48,16608.98,16694.16,6836.15661,16710.382166666666,16588.0495,16607.922,16673.273999999998,16633.15043318471,16857.92865610279,16408.37221026663
405,20221117 21:00:00,16694.35,16749.0,16682.05,16694.55,6109.22351,16708.659333333333,16588.061999999998,16617.869,16681.166,16636.074222087973,16851.764622714247,16420.3838214617
406,20221117 22:00:00,16694.55,16735.0,16666.23,16710.92,4941.28357,16705.789333333334,16594.737,16631.226000000002,16684.67,16639.63830675892,16847.513667322564,16431.762946195275
407,20221117 23:00:00,16710.92,16730.0,16650.49,16692.56,7344.1383,16704.305,16603.056,16651.232,16682.55,16642.158387395153,16845.148211902433,16439.168562887873
408,20221118 00:00:00,16692.56,16971.99,16682.06,16950.74,19625.25803,16706.228833333334,16625.393,16695.184999999998,16748.586,16656.852749931822,16897.529591988376,16416.17590787527
409,20221118 01:00:00,16950.74,17011.0,16854.37,16889.82,10831.31607,16704.183666666668,16640.966,16730.496,16787.718,16667.946428529274,16915.881586380172,16420.011270678377
410,20221118 02:00:00,16889.82,16980.1,16842.68,16920.13,9433.88401,16703.890666666666,16658.47,16757.0,16832.834000000003,16679.955170051362,16930.58081211717,16429.329527985556
411,20221118 03:00:00,16919.39,16948.29,16850.0,16854.98,7327.97095,16701.689833333334,16670.624,16773.158000000003,16861.646,16688.28968577872,16933.510763637947,16443.068607919493
412,20221118 04:00:00,16855.75,16869.08,16773.49,16808.69,8580.6169,16698.34516666667,16682.5435,16783.711,16884.872000000003,16694.023034085138,16933.840004158443,16454.206064011832
413,20221118 05:00:00,16808.69,16849.19,16782.47,16805.13,6079.41086,16695.11,16696.6625,16802.167999999998,16855.75,16699.313841994783,16928.493115060755,16470.13456892881
414,20221118 06:00:00,16805.57,16823.19,16742.49,16794.65,7779.61182,16696.112,16710.0695,16812.217,16836.716,16703.853659049953,16926.25500480933,16481.452313290578
415,20221118 07:00:00,16794.13,16801.43,16724.32,16745.1,7341.8917,16694.217500000002,16717.570499999998,16817.272,16801.71,16705.817770526774,16921.400981710212,16490.234559343335
416,20221118 08:00:00,16745.84,16749.89,16680.0,16737.44,10688.80957,16692.511333333332,16725.575,16819.924,16778.201999999997,16707.32359098008,16915.326481045173,16499.320700914985
417,20221118 09:00:00,16737.44,16766.24,16719.45,16739.5,8433.73446,16689.650999999998,16737.925,16824.618,16764.364,16708.855800935537,16905.41640199412,16512.295199876953
418,20221118 10:00:00,16740.0,16854.33,16722.31,16767.85,11990.93328,16687.773666666664,16750.757,16806.329,16756.908000000003,16711.665048513754,16914.97358946648,16508.356507561028
419,20221118 11:00:00,16767.25,16787.26,16712.04,16749.88,6866.27915,16685.262166666667,16761.4155,16792.335,16747.953999999998,16713.484808110632,16911.506494968085,16515.46312125318
420,20221118 12:00:00,16750.25,16792.17,16744.9,16777.98,7533.98873,16685.123666666666,16767.56,16778.120000000003,16754.53,16716.556007728097,16904.229525899806,16528.88248955639
421,20221118 13:00:00,16778.29,16818.0,16729.23,16752.93,9545.87794,16683.352666666666,16770.5365,16767.915,16757.628,16718.288102600167,16904.948268954704,16531.62793624563
422,20221118 14:00:00,16752.93,16785.14,16651.8,16700.52,12450.7149,16679.328666666665,16770.4045,16757.098,16749.832000000002,16717.44200247543,16912.10415219451,16522.779852756346
423,20221118 15:00:00,16699.35,16716.0,16608.8,16696.86,11539.23931,16674.7765,16774.2195,16746.271,16735.634,16716.46190711844,16913.097841865612,16519.825972371265
424,20221118 16:00:00,16695.06,16732.85,16625.18,16654.8,9412.29631,16670.532833333335,16772.2515,16732.286,16716.618,16713.525625824182,16912.03196709664,16515.019284551727
425,20221118 17:00:00,16654.79,16667.43,16550.19,16597.08,10945.26602,16665.11566666667,16767.378,16717.484000000004,16680.438000000002,16707.980596017816,16910.08430316303,16505.876888872604
426,20221118 18:00:00,16596.06,16613.03,16546.04,16587.43,7250.11595,16660.468999999997,16761.2035,16702.483,16647.338,16702.240091440395,16897.531427871087,16506.948755009704
427,20221118 19:00:00,16588.11,16674.31,16567.28,16656.37,7900.06571,16657.663666666667,16759.394,16694.170000000002,16638.507999999998,16700.05580136994,16897.224004157564,16502.887598582318
428,20221118 20:00:00,16656.36,16683.0,16610.0,16639.06,8492.8498,16655.15066666667,16743.81,16681.291,16626.947999999997,16697.151239397583,16889.202621906443,16505.099856888723
429,20221118 21:00:00,16639.06,16676.58,16630.05,16651.93,4562.13796,16653.610666666667,16731.9155,16671.496,16626.374000000003,16694.99784704365,16877.150091301624,16512.845602785677
430,20221118 22:00:00,16651.93,16671.8,16626.83,16665.73,3324.18292,16652.515,16719.195499999998,16660.271,16640.104,16693.604140040545,16866.53515987272,16520.67312020837
431,20221118 23:00:00,16665.73,16727.99,16628.94,16700.45,6287.72949,16652.39083333333,16711.469,16655.022999999997,16662.708000000002,16693.930133372178,16869.378051221138,16518.482215523218
432,20221119 00:00:00,16699.43,16708.77,16662.26,16664.26,3705.2081,16652.464833333335,16704.2475,16651.397,16664.286,16692.51726987732,16859.722395941382,16525.31214381326
433,20221119 01:00:00,16664.77,16682.71,16650.72,16664.75,3366.46643,16654.983833333335,16697.2285,16648.185999999998,16669.424,16691.19501892994,16848.077632387594,16534.312405472283
434,20221119 02:00:00,16665.69,16665.7,16573.94,16624.24,6400.82337,16657.308166666666,16688.708,16645.129999999997,16663.886,16688.00668469325,16847.55303680514,16528.46033258136
435,20221119 03:00:00,16624.24,16652.96,16611.89,16628.7,3636.3359,16660.591500000002,16682.888,16648.291999999998,16656.480000000003,16685.182556849082,16836.988273749783,16533.37683994838
436,20221119 04:00:00,16628.7,16649.0,16615.11,16635.14,3377.47881,16662.86633333333,16677.773,16653.063000000002,16643.418,16682.799577950194,16826.202723160826,16539.396432739562
437,20221119 05:00:00,16635.14,16642.89,16553.53,16597.92,7702.60284,16663.214833333335,16670.694,16647.218,16630.15,16678.757693283784,16825.692523973354,16531.822862594214
438,20221119 06:00:00,16598.73,16622.62,16567.95,16609.44,4397.40838,16664.207166666667,16662.773500000003,16644.256,16619.088,16675.456850744813,16818.632198365423,16532.281503124203
439,20221119 07:00:00,16609.44,16618.99,16597.05,16599.31,4077.333,16664.914333333334,16655.245000000003,16638.994,16614.102000000003,16671.830810231433,16805.076623089983,16538.584997372884
440,20221119 08:00:00,16598.98,16663.27,16580.0,16643.27,5926.78826,16665.931166666665,16648.5095,16636.748,16617.015999999996,16670.470771648368,16807.046003221065,16533.89554007567
441,20221119 09:00:00,16643.08,16650.3,16626.12,16635.1,3479.41746,16667.353,16642.618,16630.212999999996,16617.007999999998,16668.7864491882,16796.540157603624,16541.032740772775
442,20221119 10:00:00,16635.1,16646.92,16622.06,16636.33,3232.06687,16666.798333333332,16639.408499999998,16627.420000000002,16624.69,16667.240903988128,16787.19124156201,16547.290566414245
443,20221119 11:00:00,16636.33,16683.01,16636.33,16676.26,3731.05439,16667.02333333333,16638.3785,16628.571,16638.054,16667.670384750767,16784.961688567262,16550.37908093427
444,20221119 12:00:00,16676.26,16686.86,16640.0,16654.2,4225.22539,16666.2165,16638.3485,16631.567,16649.032,16667.028937857634,16781.96311129248,16552.09476442279
445,20221119 13:00:00,16654.61,16665.11,16634.01,16649.31,3191.40115,16665.466666666667,16640.96,16633.628,16650.24,16666.185178911735,16775.845935003097,16556.524422820374
446,20221119 14:00:00,16649.31,16668.97,16641.59,16651.82,4394.15868,16666.70666666667,16644.1795,16635.296,16653.584,16665.50112277285,16769.671803255074,16561.330442290626
447,20221119 15:00:00,16651.82,16677.93,16646.27,16655.65,5342.09166,16668.864500000003,16644.1435,16641.069,16657.448,16665.03202168828,16765.11763412228,16564.946409254277
448,20221119 16:00:00,16655.65,16664.0,16644.32,16655.0,3801.94928,16671.38116666667,16644.9405,16645.625,16653.196000000004,16664.554306369642,16758.567357560245,16570.54125517904
449,20221119 17:00:00,16655.0,16658.99,16608.35,16614.65,5054.50732,16671.985999999997,16643.076500000003,16647.159,16645.286,16662.177910827537,16756.91765689908,16567.438164755993
450,20221119 18:00:00,16614.02,16646.84,16611.13,16625.22,3073.38541,16672.9055,16641.051,16645.354,16640.468,16660.418010311452,16752.825781775842,16568.010238847062
451,20221119 19:00:00,16625.22,16638.61,16621.45,16627.33,2641.60635,16673.162666666667,16637.395,16644.577,16635.57,16658.842390772395,16745.441385090344,16572.243396454447
452,20221119 20:00:00,16627.33,16648.73,16625.98,16633.75,2530.18636,16674.220166666666,16635.8695,16644.319,16631.19,16657.647515021028,16740.136609907182,16575.158420134874
453,20221119 21:00:00,16634.15,16687.25,16633.0,16679.49,3216.93627,16676.8325,16636.6065,16644.642,16636.088,16658.68763335361,16743.777818751147,16573.597447956072
454,20221119 22:00:00,16679.49,16822.41,16678.12,16738.2,9441.12254,16680.360666666664,16642.304500000002,16653.042,16660.798000000003,16662.473936528113,16767.913103385898,16557.03476967033
455,20221119 23:00:00,16738.2,16775.5,16691.3,16700.68,5017.60136,16682.120666666666,16645.9035,16658.179,16675.890000000003,16664.29327288431,16776.028523056317,16552.558022712306
456,20221120 00:00:00,16700.68,16738.77,16686.51,16719.98,4362.93277,16684.497833333335,16650.1455,16664.995000000003,16694.420000000002,16666.94502179513,16777.95874694994,16555.931296640323
457,20221120 01:00:00,16719.98,16753.33,16669.92,16684.71,4653.08972,16687.701333333334,16654.485,16667.901,16704.612,16667.790973138388,16784.385325777715,16551.19662049906
458,20221120 02:00:00,16684.3,16710.12,16667.06,16684.35,3818.0702,16690.587000000003,16658.230499999998,16670.836000000003,16705.584,16668.579498227184,16782.126415602575,16555.032580851792
459,20221120 03:00:00,16684.36,16698.82,16666.47,16679.99,3308.38602,16692.975,16662.2645,16677.370000000003,16693.942000000003,16669.12285545456,16777.785081092414,16560.460629816705
460,20221120 04:00:00,16679.99,16698.0,16671.89,16684.24,2868.30162,16693.460833333334,16664.313000000002,16683.272000000004,16690.654,16669.842719480657,16772.860722554728,16566.824716406587
461,20221120 05:00:00,16684.24,16697.63,16671.0,16687.76,3013.10757,16693.366833333333,16666.946000000004,16689.315,16684.21,16670.695923315052,16768.738126081713,16572.65372054839
462,20221120 06:00:00,16687.77,16698.0,16675.32,16687.34,2643.36313,16693.103166666668,16669.4965,16694.674,16684.735999999997,16671.48849839541,16764.262480885405,16578.714515905416
463,20221120 07:00:00,16686.97,16738.76,16681.13,16722.9,4365.41101,16694.808833333333,16671.8285,16699.015000000003,16692.446000000004,16673.93666513885,16768.959249379845,16578.91408089785
464,20221120 08:00:00,16722.2,16736.41,16561.0,16615.67,10219.03962,16693.500666666667,16669.902,16686.762,16679.582000000002,16671.16206203661,16791.764387853505,16550.55973621971
465,20221120 09:00:00,16615.67,16642.0,16596.19,16630.48,4338.07171,16692.432833333336,16668.960499999997,16679.742000000002,16668.83,16669.224820986987,16786.928914222193,16551.52072775178
466,20221120 10:00:00,16630.12,16683.0,16597.29,16626.44,7490.20225,16691.024833333333,16667.6915,16670.388,16656.566,16667.187448558776,16790.263132470463,16544.11176464709
467,20221120 11:00:00,16626.44,16636.57,16462.46,16525.38,13408.35719,16688.2385,16661.178,16654.454999999998,16624.174,16660.4347129123,16806.02482843282,16514.844597391784
468,20221120 12:00:00,16526.04,16585.22,16461.0,16523.52,10744.00261,16681.118166666667,16654.604,16638.372,16584.298000000003,16653.91496467763,16809.790068646096,16498.039860709167
469,20221120 13:00:00,16524.24,16600.0,16517.34,16584.48,8070.82573,16676.029166666667,16653.0955,16628.821,16578.06,16650.608537787855,16807.428131359473,16493.788944216238
470,20221120 14:00:00,16584.21,16593.4,16542.97,16549.84,4794.93008,16669.857666666667,16649.326500000003,16615.381,16561.932,16645.81003598793,16797.03367020239,16494.586401773475
471,20221120 15:00:00,16550.25,16628.49,16533.78,16580.53,6227.08132,16665.2835,16646.9865,16604.658000000003,16552.75,16642.70146284534,16797.744733638352,16487.658192052328
472,20221120 16:00:00,16580.53,16590.49,16552.37,16583.93,4353.78852,16661.5375,16644.495499999997,16594.317000000003,16564.46,16639.9028217572,16787.065765470914,16492.73987804349
473,20221120 17:00:00,16583.93,16590.21,16530.22,16548.21,4251.84097,16657.2555,16637.9315,16576.848,16569.397999999997,16635.536496911223,16779.98114625356,16491.091847568885
474,20221120 18:00:00,16547.82,16588.47,16533.21,16586.93,4098.98327,16653.793500000003,16630.368,16573.974,16569.888,16633.221901820012,16774.274086228117,16492.169717411907
475,20221120 19:00:00,16587.4,16613.35,16552.0,16587.8,4038.44336,16651.171833333334,16624.724,16569.706,16577.480000000003,16631.05895411412,16770.275920081414,16491.841988146825
476,20221120 20:00:00,16587.8,16595.85,16448.05,16537.99,9076.70046,16647.847666666665,16615.624499999998,16560.860999999997,16568.971999999998,16626.627099155958,16781.482368526522,16471.771829785393
477,20221120 21:00:00,16538.84,16538.85,16212.59,16284.23,13549.80032,16640.259833333334,16595.6005,16536.746000000003,16509.032,16610.322475385416,16814.944217818924,16405.700732951907
478,20221120 22:00:00,16284.23,16358.0,16180.0,16296.94,11496.02556,16632.411333333333,16576.230000000003,16514.088,16458.778000000002,16595.399500366006,16815.159068556164,16375.639932175847
479,20221120 23:00:00,16296.94,16324.58,16222.47,16280.23,9651.37977,16624.583833333334,16556.242,16483.663,16397.438000000002,16580.391428918992,16798.597040290133,16362.18581754785
480,20221121 00:00:00,16279.5,16295.0,16123.01,16268.73,14167.43968,16616.096333333335,16535.4665,16455.552,16333.624,16565.550408493327,16796.333458727357,16334.7673582593
481,20221121 01:00:00,16268.12,16283.06,16191.0,16214.15,7872.39775,16607.116666666665,16511.786,16418.913999999997,16268.856,16548.817055706906,16774.93380091753,16322.70031049628
482,20221121 02:00:00,16214.15,16219.99,15905.88,16010.7,23043.32117,16595.619666666666,16477.954,16361.591,16214.15,16523.192434005086,16789.51950469465,16256.865363315523
483,20221121 03:00:00,16010.31,16110.55,15897.15,16073.75,17133.0721,16585.2345,16445.4965,16314.145,16169.511999999999,16501.79041333699,16784.164776957594,16219.416049716381
484,20221121 04:00:00,16073.15,16319.0,16064.22,16149.97,18837.79424,16576.82066666667,16422.211499999998,16270.449000000002,16143.460000000001,16485.037060320057,16790.129987578603,16179.944133061512
485,20221121 05:00:00,16149.34,16234.66,16138.97,16228.09,8403.74792,16570.670833333334,16402.092,16234.478,16135.332,16472.801486018485,16766.523120551177,16179.079851485792
486,20221121 06:00:00,16228.09,16256.16,16082.0,16091.53,11091.7628,16562.405833333334,16375.3465,16189.832,16110.808,16454.645700969115,16753.827172048535,16155.464229889692
487,20221121 07:00:00,16091.53,16150.0,15955.99,16039.73,12829.28326,16552.128500000003,16351.064000000002,16165.381999999998,16116.614000000001,16434.887810445874,16742.953134417356,16126.822486474395
488,20221121 08:00:00,16040.73,16068.13,15992.14,16035.42,9731.71632,16542.06783333333,16326.659,16139.23,16108.948,16415.865533757147,16708.32232533148,16123.408742182815
489,20221121 09:00:00,16035.87,16169.52,15964.0,16112.48,16084.11695,16533.077,16303.059,16122.455000000002,16101.45,16401.418603577637,16705.733715994535,16097.103491160738
490,20221121 10:00:00,16111.77,16153.9,16058.63,16131.26,9631.50436,16524.169166666667,16282.13,16108.707999999999,16082.083999999999,16388.55390816867,16681.49150934388,16095.616306993461
491,20221121 11:00:00,16131.25,16154.99,16055.82,16084.42,8791.26747,16513.902,16257.324499999999,16095.735,16080.662,16374.071341112473,16657.54918217016,16090.593500054785
492,20221121 12:00:00,16084.42,16140.95,16025.42,16113.86,8491.57154,16504.728666666666,16233.821000000002,16106.050999999998,16095.488000000001,16361.68032486858,16639.916381820498,16083.44426791666
493,20221121 13:00:00,16113.86,16284.0,16098.83,16175.95,14566.23991,16496.582000000002,16215.207999999999,16116.270999999999,16123.594000000001,16352.836023684058,16640.282474940785,16065.38957242733
494,20221121 14:00:00,16176.56,16250.0,16146.21,16163.83,10824.2365,16488.9085,16194.053,16117.656999999997,16133.864000000001,16343.83573684167,16623.295542972723,16064.375930710614
495,20221121 15:00:00,16163.83,16175.23,16109.74,16130.45,8677.70192,16480.604333333333,16171.185500000001,16107.893,16133.702000000001,16333.674511277466,16598.286336795416,16069.062685759516
496,20221121 16:00:00,16130.45,16139.19,15906.52,16032.24,19529.3303,16470.556,16145.897999999997,16101.963999999998,16123.266,16319.3204869305,16604.005129896654,16034.635843964345
497,20221121 17:00:00,16032.24,16075.59,15977.77,16015.22,10845.23657,16460.844333333334,16132.4475,16099.513,16103.538,16304.839511361974,16580.61969003151,16029.059332692435
498,20221121 18:00:00,16015.22,16040.53,15930.0,15971.36,12433.72132,16450.209666666666,16116.1685,16093.107,16062.62,16288.959534630028,16559.267695432613,16018.651373827443
499,20221121 19:00:00,15971.36,16006.38,15589.68,15722.98,23509.49356,16435.604166666668,16088.306,16054.156999999997,15974.45,16262.008128218387,16588.625472940716,15935.390783496061
500,20221121 20:00:00,15721.51,15894.74,15709.76,15785.27,15789.22091,16421.304166666665,16064.133000000002,16019.558,15905.414,16239.306312588391,16570.257922838486,15908.354702338298
501,20221121 21:00:00,15785.27,15852.24,15476.0,15649.52,17912.033913,16404.877833333336,16035.901500000002,15976.068,15828.87,16211.221250083534,16584.325699308618,15838.11680085845
502,20221121 22:00:00,15648.23,15869.41,15614.96,15740.27,15458.33805,16389.9435,16022.38,15938.709000000003,15773.88,16188.795000079062,16575.47900438164,15802.110995776486
503,20221121 23:00:00,15739.38,15857.07,15726.38,15781.29,8442.44924,16375.027333333333,16007.757000000001,15899.242999999999,15735.866,16169.39000007489,16543.543603947208,15795.236396202572
504,20221122 00:00:00,15781.29,15967.76,15746.16,15866.48,12895.32049,16361.898666666666,15993.5825,15869.508000000002,15764.566,16154.965714356753,16536.02395784184,15773.907470871665
505,20221122 01:00:00,15866.48,15899.92,15800.0,15812.06,7380.93322,16347.944500000001,15972.780999999999,15837.669,15769.923999999999,16138.636870815646,16501.573289952223,15775.700451679068
506,20221122 02:00:00,15812.06,15920.33,15770.01,15900.14,9765.2903,16335.4165,15963.211500000001,15824.458999999999,15820.047999999999,16127.279876967077,16483.986654189997,15770.573099744157
507,20221122 03:00:00,15900.14,15927.37,15833.6,15847.82,7245.21526,16321.952666666666,15953.616,15807.719000000001,15841.557999999999,16113.97226377794,16453.76236327857,15774.182164277312
508,20221122 04:00:00,15848.53,15868.0,15800.03,15822.79,5679.00944,16308.082499999999,15942.9845,15792.862,15849.857999999998,16100.106441693048,16419.511531243614,15780.701352142481
509,20221122 05:00:00,15822.79,15882.87,15773.78,15803.9,7397.45913,16294.570000000002,15927.555500000002,15800.954000000002,15837.342,16086.001373040777,16395.283953636284,15776.718792445268
510,20221122 06:00:00,15804.23,15821.71,15661.0,15687.47,11889.32461,16278.940833333332,15905.366,15791.173999999999,15812.423999999999,16067.023688609983,16377.52001114594,15756.527366074026
511,20221122 07:00:00,15687.47,15781.34,15616.63,15760.42,9883.54282,16264.492333333334,15889.166000000001,15802.264000000001,15784.48,16052.423512961683,16364.812203244044,15740.034822679321
512,20221122 08:00:00,15760.42,15769.99,15660.0,15729.98,10185.45339,16249.4295,15869.972,15801.234999999997,15760.912,16037.069059963302,16340.216881217428,15733.921238709176
513,20221122 09:00:00,15729.98,15775.69,15669.24,15687.97,7744.25265,16232.904166666667,15845.573,15791.903,15733.947999999999,16020.445295202931,16314.568334331645,15726.322256074218
514,20221122 10:00:00,15687.97,15824.16,15661.21,15797.3,8309.59152,16217.222500000002,15827.2465,15784.985,15732.628,16009.819328764566,16307.120063980408,15712.518593548724
515,20221122 11:00:00,15796.44,15816.09,15701.0,15747.88,8048.25731,16201.3425,15808.117999999999,15778.567,15744.710000000001,15997.34602739468,16287.93468908894,15706.757365700421
516,20221122 12:00:00,15747.88,15863.2,15683.33,15836.41,12635.59884,16186.616333333333,15798.326500000001,15772.194,15759.908000000001,15989.682407042466,16287.186202567298,15692.178611517635
517,20221122 13:00:00,15835.3,16218.0,15827.55,16171.01,27127.36661,16178.054666666667,15806.115999999998,15804.513,15848.113999999998,15998.317054326251,16344.1604702986,15652.473638353902
518,20221122 14:00:00,16171.01,16218.0,16039.88,16117.28,14432.79801,16168.6035,15813.412,15833.962,15933.976,16003.981956501248,16350.865030876363,15657.098882126133
519,20221122 15:00:00,16117.28,16315.0,16113.88,16241.3,15824.169,16161.292,15839.328,15877.702,16022.776000000002,16015.282815715584,16367.701582653186,15662.864048777981
520,20221122 16:00:00,16241.3,16290.27,16153.71,16171.69,10774.90417,16152.7495,15858.649,15926.124,16107.538,16022.730776872053,16367.219667115896,15678.24188662821
521,20221122 17:00:00,16171.69,16209.88,16060.01,16081.97,9054.79582,16142.652999999998,15880.271499999999,15958.278999999999,16156.65,16025.551692259123,16365.565693478582,15685.537691039664
522,20221122 18:00:00,16080.84,16174.23,16049.87,16140.29,9163.17157,16133.5355,15900.272500000001,15999.310000000001,16150.506,16031.015421199212,16361.900022296724,15700.1308201017
523,20221122 19:00:00,16139.44,16246.34,16100.82,16168.38,9022.86922,16124.2935,15919.626999999999,16047.351,16160.726,16037.55659161835,16364.456732606111,15710.656450630588
524,20221122 20:00:00,16167.49,16193.07,16128.0,16135.92,5643.54363,16116.297666666667,15933.098999999998,16081.212999999998,16139.65,16042.240563446081,16349.464690335066,15735.016436557096
525,20221122 21:00:00,16134.85,16180.0,16085.54,16147.13,6442.72592,16108.241833333333,15949.852499999999,16121.138,16134.738000000001,16047.235298520112,16342.6290127202,15751.841584320026
526,20221122 22:00:00,16145.77,16254.99,16100.68,16184.9,6424.96746,16100.882833333333,15964.0905,16155.987,16155.323999999999,16053.79076049539,16350.507103275468,15757.074417715314
527,20221122 23:00:00,16186.0,16235.61,16156.5,16226.94,6577.50584,16095.908833333333,15983.0465,16161.579999999998,16172.654,16062.035962376616,16344.902670878686,15779.169253874546
528,20221123 00:00:00,16227.96,16261.58,16168.26,16183.16,7944.06412,16090.236166666667,16001.064999999999,16168.168,16175.61,16067.80377369205,16341.047811343913,15794.559736040188
529,20221123 01:00:00,16183.16,16234.6,16160.2,16220.74,6708.24993,16084.173833333334,16021.906999999997,16166.112,16192.573999999999,16075.08645113533,16335.886085022006,15814.286817248654
530,20221123 02:00:00,16220.74,16570.02,16213.04,16512.44,23413.55565,16083.550500000001,16063.155499999999,16200.187,16265.635999999999,16095.912810605192,16402.0284811032,15789.797140107183
531,20221123 03:00:00,16512.44,16593.8,16462.2,16586.55,12227.50795,16083.650833333335,16104.462,16250.645,16345.966,16119.276486290782,16421.10058973899,15817.452382842575
532,20221123 04:00:00,16584.66,16589.99,16484.95,16508.13,8840.03896,16082.3875,16143.369499999997,16287.429,16402.204,16137.793320277031,16430.44301338042,15845.143627173644
533,20221123 05:00:00,16508.13,16536.99,16444.0,16464.07,8429.29027,16080.985166666667,16182.1745,16316.997999999998,16458.386,16153.330305025818,16435.313028818866,15871.347581232769
534,20221123 06:00:00,16463.54,16522.2,16445.94,16499.8,9322.68789,16079.533,16217.2995,16353.386000000002,16514.198,16169.828861929425,16438.86531334317,15900.792410515682
535,20221123 07:00:00,16499.81,16662.1,16461.93,16583.84,13769.51937,16079.467,16259.0975,16397.057,16528.478,16189.543678028109,16471.710484300478,15907.37687175574
536,20221123 08:00:00,16583.84,16637.0,16500.0,16541.86,11344.95982,16079.531500000001,16294.369999999999,16432.753,16519.54,16206.320645741125,16487.670771386256,15924.970520095992
537,20221123 09:00:00,16541.86,16580.0,16530.47,16561.93,4275.93763,16084.159833333335,16313.916000000001,16466.252,16530.3,16223.254424515424,16486.375537596043,15960.133311434805
